Using pre-set license
Built from '2023.1/staging' branch; Version is '2023.1.11f1 (fbf46ad88f3d) revision 16512106'; Using compiler version '192829333'; Build Type 'Release'
OS: 'Windows 10  (10.0.19045) 64bit Professional' Language: 'en' Physical Memory: 16322 MB
BatchMode: 1, IsHumanControllingUs: 0, StartBugReporterOnCrash: 0, Is64bit: 1, IsPro: 1

COMMAND LINE ARGUMENTS:
C:\Program Files\Unity\Hub\Editor\2023.1.11f1\Editor\Unity.exe
-adb2
-batchMode
-noUpm
-name
AssetImportWorker3
-projectPath
C:/Users/Luke/OneDrive/Documents/GitHub/Team-11-fixed
-logFile
Logs/AssetImportWorker3.log
-srvPort
50779
Successfully changed project path to: C:/Users/Luke/OneDrive/Documents/GitHub/Team-11-fixed
C:/Users/Luke/OneDrive/Documents/GitHub/Team-11-fixed
[UnityMemory] Configuration Parameters - Can be set up in boot.config
    "memorysetup-bucket-allocator-granularity=16"
    "memorysetup-bucket-allocator-bucket-count=8"
    "memorysetup-bucket-allocator-block-size=33554432"
    "memorysetup-bucket-allocator-block-count=8"
    "memorysetup-main-allocator-block-size=16777216"
    "memorysetup-thread-allocator-block-size=16777216"
    "memorysetup-gfx-main-allocator-block-size=16777216"
    "memorysetup-gfx-thread-allocator-block-size=16777216"
    "memorysetup-cache-allocator-block-size=4194304"
    "memorysetup-typetree-allocator-block-size=2097152"
    "memorysetup-profiler-bucket-allocator-granularity=16"
    "memorysetup-profiler-bucket-allocator-bucket-count=8"
    "memorysetup-profiler-bucket-allocator-block-size=33554432"
    "memorysetup-profiler-bucket-allocator-block-count=8"
    "memorysetup-profiler-allocator-block-size=16777216"
    "memorysetup-profiler-editor-allocator-block-size=1048576"
    "memorysetup-temp-allocator-size-main=16777216"
    "memorysetup-job-temp-allocator-block-size=2097152"
    "memorysetup-job-temp-allocator-block-size-background=1048576"
    "memorysetup-job-temp-allocator-reduction-small-platforms=262144"
    "memorysetup-allocator-temp-initial-block-size-main=262144"
    "memorysetup-allocator-temp-initial-block-size-worker=262144"
    "memorysetup-temp-allocator-size-background-worker=32768"
    "memorysetup-temp-allocator-size-job-worker=262144"
    "memorysetup-temp-allocator-size-preload-manager=33554432"
    "memorysetup-temp-allocator-size-nav-mesh-worker=65536"
    "memorysetup-temp-allocator-size-audio-worker=65536"
    "memorysetup-temp-allocator-size-cloud-worker=32768"
    "memorysetup-temp-allocator-size-gi-baking-worker=262144"
    "memorysetup-temp-allocator-size-gfx=262144"
Player connection [3248] Host "[IP] 192.168.1.48 [Port] 0 [Flags] 2 [Guid] 3745992585 [EditorId] 3745992585 [Version] 1048832 [Id] WindowsEditor(7,DESKTOP-C5FVKCR) [Debug] 1 [PackageName] WindowsEditor [ProjectName] Editor" joined multi-casting on [225.0.0.222:54997]...

Player connection [3248] Host "[IP] 192.168.1.48 [Port] 0 [Flags] 2 [Guid] 3745992585 [EditorId] 3745992585 [Version] 1048832 [Id] WindowsEditor(7,DESKTOP-C5FVKCR) [Debug] 1 [PackageName] WindowsEditor [ProjectName] Editor" joined alternative multi-casting on [225.0.0.222:34997]...

[Physics::Module] Initialized MultithreadedJobDispatcher with 11 workers.
Library Redirect Path: Library/Refreshing native plugins compatible for Editor in 167.64 ms, found 4 plugins.
Preloading 0 native plugins for Editor in 0.00 ms.
Initialize engine version: 2023.1.11f1 (fbf46ad88f3d)
[Subsystems] Discovering subsystems at path C:/Program Files/Unity/Hub/Editor/2023.1.11f1/Editor/Data/Resources/UnitySubsystems
[Subsystems] Discovering subsystems at path C:/Users/Luke/OneDrive/Documents/GitHub/Team-11-fixed/Assets
GfxDevice: creating device client; threaded=0; jobified=0
Direct3D:
    Version:  Direct3D 11.0 [level 11.1]
    Renderer: NVIDIA GeForce RTX 2060 (ID=0x1e89)
    Vendor:   NVIDIA
    VRAM:     5945 MB
    Driver:   32.0.15.6094
Initialize mono
Mono path[0] = 'C:/Program Files/Unity/Hub/Editor/2023.1.11f1/Editor/Data/Managed'
Mono path[1] = 'C:/Program Files/Unity/Hub/Editor/2023.1.11f1/Editor/Data/MonoBleedingEdge/lib/mono/unityjit-win32'
Mono config path = 'C:/Program Files/Unity/Hub/Editor/2023.1.11f1/Editor/Data/MonoBleedingEdge/etc'
Using monoOptions --debugger-agent=transport=dt_socket,embedding=1,server=y,suspend=n,address=127.0.0.1:56800
Begin MonoManager ReloadAssembly
C:\build\output\Unity-Technologies\mono\mono\metadata\icall.c:1842:
C:\build\output\Unity-Technologies\mono\mono\metadata\icall.c:1842:
C:\build\output\Unity-Technologies\mono\mono\metadata\icall.c:1842:
C:\build\output\Unity-Technologies\mono\mono\metadata\icall.c:1842:
C:\build\output\Unity-Technologies\mono\mono\metadata\icall.c:1842:
C:\build\output\Unity-Technologies\mono\mono\metadata\icall.c:1842:
C:\build\output\Unity-Technologies\mono\mono\metadata\icall.c:1842:
C:\build\output\Unity-Technologies\mono\mono\metadata\icall.c:1842:
C:\build\output\Unity-Technologies\mono\mono\metadata\icall.c:1842:
C:\build\output\Unity-Technologies\mono\mono\metadata\icall.c:1842:
Registering precompiled unity dll's ...
Register platform support module: C:/Program Files/Unity/Hub/Editor/2023.1.11f1/Editor/Data/PlaybackEngines/WindowsStandaloneSupport/UnityEditor.WindowsStandalone.Extensions.dll
Registered in 0.003699 seconds.
- Loaded All Assemblies, in  0.791 seconds
Native extension for WindowsStandalone target not found
Mono: successfully reloaded assembly
C:\build\output\Unity-Technologies\mono\mono\metadata\icall.c:1842:
C:\build\output\Unity-Technologies\mono\mono\metadata\icall.c:1842:
- Finished resetting the current domain, in  0.290 seconds
Domain Reload Profiling: 1079ms
	BeginReloadAssembly (123ms)
		ExecutionOrderSort (0ms)
		DisableScriptedObjects (0ms)
		BackupInstance (0ms)
		ReleaseScriptingObjects (0ms)
		CreateAndSetChildDomain (1ms)
	RebuildCommonClasses (210ms)
	RebuildNativeTypeToScriptingClass (12ms)
	initialDomainReloadingComplete (51ms)
	LoadAllAssembliesAndSetupDomain (392ms)
		LoadAssemblies (119ms)
		RebuildTransferFunctionScriptingTraits (0ms)
		AnalyzeDomain (387ms)
			TypeCache.Refresh (386ms)
				TypeCache.ScanAssembly (374ms)
			ScanForSourceGeneratedMonoScriptInfo (0ms)
			ResolveRequiredComponents (1ms)
	FinalizeReload (290ms)
		ReleaseScriptCaches (0ms)
		RebuildScriptCaches (0ms)
		SetupLoadedEditorAssemblies (244ms)
			LogAssemblyErrors (0ms)
			InitializePlatformSupportModulesInManaged (8ms)
			SetLoadedEditorAssemblies (5ms)
			BeforeProcessingInitializeOnLoad (6ms)
			ProcessInitializeOnLoadAttributes (159ms)
			ProcessInitializeOnLoadMethodAttributes (65ms)
			AfterProcessingInitializeOnLoad (0ms)
			EditorAssembliesLoaded (0ms)
		ExecutionOrderSort2 (0ms)
		AwakeInstancesAfterBackupRestoration (0ms)
========================================================================
Worker process is ready to serve import requests
Import Worker Mode flag is 0x00
Begin MonoManager ReloadAssembly
C:\build\output\Unity-Technologies\mono\mono\metadata\icall.c:1842:
C:\build\output\Unity-Technologies\mono\mono\metadata\icall.c:1842:
C:\build\output\Unity-Technologies\mono\mono\metadata\icall.c:1842:
C:\build\output\Unity-Technologies\mono\mono\metadata\icall.c:1842:
C:\build\output\Unity-Technologies\mono\mono\metadata\icall.c:1842:
C:\build\output\Unity-Technologies\mono\mono\metadata\icall.c:1842:
C:\build\output\Unity-Technologies\mono\mono\metadata\icall.c:1842:
C:\build\output\Unity-Technologies\mono\mono\metadata\icall.c:1842:
C:\build\output\Unity-Technologies\mono\mono\metadata\icall.c:1842:
C:\build\output\Unity-Technologies\mono\mono\metadata\icall.c:1842:
C:\build\output\Unity-Technologies\mono\mono\metadata\icall.c:1842:
C:\build\output\Unity-Technologies\mono\mono\metadata\icall.c:1842:
Symbol file LoadedFromMemory doesn't match image C:\Users\Luke\OneDrive\Documents\GitHub\Team-11-fixed\Library\PackageCache\com.unity.visualscripting@1.8.0\Editor\VisualScripting.Core\Dependencies\YamlDotNet\Unity.VisualScripting.YamlDotNet.dll
Symbol file LoadedFromMemory doesn't match image C:\Users\Luke\OneDrive\Documents\GitHub\Team-11-fixed\Library\PackageCache\com.unity.visualscripting@1.8.0\Editor\VisualScripting.Core\Dependencies\DotNetZip\Unity.VisualScripting.IonicZip.dll
- Loaded All Assemblies, in  1.025 seconds
Refreshing native plugins compatible for Editor in 5.04 ms, found 4 plugins.
Native extension for WindowsStandalone target not found
Mono: successfully reloaded assembly
- Finished resetting the current domain, in  0.761 seconds
Domain Reload Profiling: 1779ms
	BeginReloadAssembly (312ms)
		ExecutionOrderSort (0ms)
		DisableScriptedObjects (6ms)
		BackupInstance (0ms)
		ReleaseScriptingObjects (0ms)
		CreateAndSetChildDomain (27ms)
	RebuildCommonClasses (48ms)
	RebuildNativeTypeToScriptingClass (13ms)
	initialDomainReloadingComplete (42ms)
	LoadAllAssembliesAndSetupDomain (603ms)
		LoadAssemblies (354ms)
		RebuildTransferFunctionScriptingTraits (0ms)
		AnalyzeDomain (343ms)
			TypeCache.Refresh (310ms)
				TypeCache.ScanAssembly (299ms)
			ScanForSourceGeneratedMonoScriptInfo (23ms)
			ResolveRequiredComponents (9ms)
	FinalizeReload (762ms)
		ReleaseScriptCaches (0ms)
		RebuildScriptCaches (0ms)
		SetupLoadedEditorAssemblies (543ms)
			LogAssemblyErrors (0ms)
			InitializePlatformSupportModulesInManaged (6ms)
			SetLoadedEditorAssemblies (3ms)
			BeforeProcessingInitializeOnLoad (90ms)
			ProcessInitializeOnLoadAttributes (405ms)
			ProcessInitializeOnLoadMethodAttributes (29ms)
			AfterProcessingInitializeOnLoad (9ms)
			EditorAssembliesLoaded (0ms)
		ExecutionOrderSort2 (0ms)
		AwakeInstancesAfterBackupRestoration (8ms)
Launched and connected shader compiler UnityShaderCompiler.exe after 0.04 seconds
Refreshing native plugins compatible for Editor in 4.75 ms, found 4 plugins.
Preloading 0 native plugins for Editor in 0.00 ms.
Unloading 4838 Unused Serialized files (Serialized files now loaded: 0)
Unloading 85 unused Assets / (118.0 KB). Loaded Objects now: 5380.
Memory consumption went from 162.1 MB to 162.0 MB.
Total: 4.527200 ms (FindLiveObjects: 0.353600 ms CreateObjectMapping: 0.358700 ms MarkObjects: 3.683600 ms  DeleteObjects: 0.130600 ms)

AssetImportParameters requested are different than current active one (requested -> active):
  custom:scripting/monoscript/fileName/itemValue.cs: f69a7127b11a9b8b566deb4c834b3490 -> 76b03e834c3cc809239a75160e59ab39
  custom:scripting/monoscript/fileName/playerManager.cs: 84ef0c7614d528361310460d29c55d5d -> fa278fc629bee650391d87d1007e9d4f
  custom:scripting/monoscript/fileName/ItemHealth.cs: f197683c3140ac4987fc76906bf005e2 -> 6e83ce6a523189f6f5fb460bfec9c34c
  custom:video-decoder-webm-vp8: 9c59270c3fd7afecdb556c50c9e8de78 -> 
  custom:SearchIndexIgnoredProperties: e643bd26f0fe6173181afceb89e7c659 -> 
  custom:scripting/monoscript/fileName/EnemyBulletScript.cs: e7d80cb660805e36ee5a5f1e215edd4c -> e71ca06aed91363c19a7206f3db18599
  custom:audio-encoder-webm-vorbis: bf7c407c2cedff20999df2af8eb42d56 -> 
  custom:scripting/monoscript/fileName/swapEffect.cs: 0cc00060eb9fe855442098e55f47f51b -> 092546921d3567d2283bb63bbd74fda0
  custom:scripting/monoscript/fileName/EnemyManager.cs: b50740975fb3f50950e34a86a690c641 -> a5f2ce24d5a536281782526914f0e68f
  custom:scripting/monoscript/fileName/PlayerInventory.cs: 6a16196cffadf640070b73a126363a7b -> c5c7e2c06a5c2135f68eaadb62be68ca
  custom:scripting/monoscript/fileName/GroundCheck.cs: 104059698e3938b710e73a1ada3cf7f2 -> aada75943ddc5f9ec791997fb4db8e41
  custom:AudioImporter_EditorPlatform: d09bf68614088b80899f8185d706f6e7 -> 
  custom:scripting/monoscript/fileName/cameraFollow.cs: a3fe78019876429fcb14da267bffd902 -> d894ceed6075e22d3236a105a1c23932
  custom:audio-decoder-ogg-vorbis: bf7c407c2cedff20999df2af8eb42d56 -> 
  custom:scripting/monoscript/fileName/explosionEffect.cs: cd6f70cba070dfaf492cd981f8e5106d -> f7a2b1128d205f6881db76924b370bc7
  custom:video-encoder-webm-vp8: eb34c28f22e8b96e1ab97ce403110664 -> 
  custom:container-demuxer-ogg: 62fdf1f143b41e24485cea50d1cbac27 -> 
  custom:framework-win-MediaFoundation: 216162199b28c13a410421893ffa2e32 -> 
  custom:video-decoder-ogg-theora: a1e56fd34408186e4bbccfd4996cb3dc -> 
  custom:scripting/monoscript/fileName/Enemy_Shooting.cs: 481c6b4472e7963c51b9ff2968d9f6ea -> 1a20005d700cc7c18dc46972e59e8a2f
  custom:scripting/monoscript/fileName/PlayerAttackRadius.cs: 3c18793bbc046bb9e08e8760d79e10a8 -> 7d876089e18024672b620eaaf4a80dff
  custom:scripting/monoscript/fileName/enemyAgroZone.cs: 09aba223f5c5bb4d1d0468e9c70a1673 -> 6c97f386582314f236da33516b1efab9
  custom:container-muxer-webm: aa71ff27fc2769a1b78a27578f13a17b -> 
  custom:CustomObjectIndexerAttribute: 756ad292c208cfabdd7b50bc23989ffe -> 
  custom:container-demuxer-webm: 4f35f7cbe854078d1ac9338744f61a02 -> 
  custom:scripting/monoscript/fileName/CloudFollow.cs: 29792e68137c88b435b3365627368bc6 -> 60e200cdf9afe623b4fef037eb963996
  custom:scripting/monoscript/fileName/playerControls.cs: 60a921168e1f017f5a720f9acb18cd12 -> f38d6680a9972768abba5f059d08cf02
========================================================================
Received Import Request.
  Time since last request: 1538.926717 seconds.
  path: Assets/Prefabs/Enemy Fly.prefab
  artifactKey: Guid(9349e254be7c674469fec12ed0ccf966) Importer(815301076,1909f56bfc062723c751e8b465ee728b)
Start importing Assets/Prefabs/Enemy Fly.prefab using Guid(9349e254be7c674469fec12ed0ccf966) Importer(815301076,1909f56bfc062723c751e8b465ee728b)  -> (artifact id: '31ccde40e002c1ca0c0714cbd2da3e9c') in 0.132755 seconds
Internal: There are remaining Allocations on the JobTempAlloc. This is a leak, and will impact performance
To Debug, run app with -diag-job-temp-memory-leak-validation cmd line argument. This will output the callstacks of the leaked allocations.
Number of updated asset objects reloaded before import = 0
Number of asset objects unloaded after import = 43
========================================================================
Received Import Request.
  Time since last request: 29.882785 seconds.
  path: Assets/Prefabs/Enemy Fly.prefab
  artifactKey: Guid(9349e254be7c674469fec12ed0ccf966) Importer(815301076,1909f56bfc062723c751e8b465ee728b)
Start importing Assets/Prefabs/Enemy Fly.prefab using Guid(9349e254be7c674469fec12ed0ccf966) Importer(815301076,1909f56bfc062723c751e8b465ee728b)  -> (artifact id: '13c4c1d850cd996a360fda22a498b880') in 0.026883 seconds
Internal: There are remaining Allocations on the JobTempAlloc. This is a leak, and will impact performance
To Debug, run app with -diag-job-temp-memory-leak-validation cmd line argument. This will output the callstacks of the leaked allocations.
Number of updated asset objects reloaded before import = 0
Number of asset objects unloaded after import = 43
========================================================================
Received Prepare
Begin MonoManager ReloadAssembly
C:\build\output\Unity-Technologies\mono\mono\metadata\icall.c:1842:
C:\build\output\Unity-Technologies\mono\mono\metadata\icall.c:1842:
C:\build\output\Unity-Technologies\mono\mono\metadata\icall.c:1842:
C:\build\output\Unity-Technologies\mono\mono\metadata\icall.c:1842:
C:\build\output\Unity-Technologies\mono\mono\metadata\icall.c:1842:
C:\build\output\Unity-Technologies\mono\mono\metadata\icall.c:1842:
C:\build\output\Unity-Technologies\mono\mono\metadata\icall.c:1842:
C:\build\output\Unity-Technologies\mono\mono\metadata\icall.c:1842:
C:\build\output\Unity-Technologies\mono\mono\metadata\icall.c:1842:
C:\build\output\Unity-Technologies\mono\mono\metadata\icall.c:1842:
C:\build\output\Unity-Technologies\mono\mono\metadata\icall.c:1842:
C:\build\output\Unity-Technologies\mono\mono\metadata\icall.c:1842:
Symbol file LoadedFromMemory doesn't match image C:\Users\Luke\OneDrive\Documents\GitHub\Team-11-fixed\Library\PackageCache\com.unity.visualscripting@1.8.0\Editor\VisualScripting.Core\Dependencies\YamlDotNet\Unity.VisualScripting.YamlDotNet.dll
Symbol file LoadedFromMemory doesn't match image C:\Users\Luke\OneDrive\Documents\GitHub\Team-11-fixed\Library\PackageCache\com.unity.visualscripting@1.8.0\Editor\VisualScripting.Core\Dependencies\DotNetZip\Unity.VisualScripting.IonicZip.dll
- Loaded All Assemblies, in  0.939 seconds
Refreshing native plugins compatible for Editor in 5.53 ms, found 4 plugins.
Native extension for WindowsStandalone target not found
Mono: successfully reloaded assembly
- Finished resetting the current domain, in  1.392 seconds
Domain Reload Profiling: 2325ms
	BeginReloadAssembly (210ms)
		ExecutionOrderSort (0ms)
		DisableScriptedObjects (13ms)
		BackupInstance (0ms)
		ReleaseScriptingObjects (0ms)
		CreateAndSetChildDomain (54ms)
	RebuildCommonClasses (34ms)
	RebuildNativeTypeToScriptingClass (19ms)
	initialDomainReloadingComplete (29ms)
	LoadAllAssembliesAndSetupDomain (639ms)
		LoadAssemblies (357ms)
		RebuildTransferFunctionScriptingTraits (0ms)
		AnalyzeDomain (376ms)
			TypeCache.Refresh (364ms)
				TypeCache.ScanAssembly (352ms)
			ScanForSourceGeneratedMonoScriptInfo (5ms)
			ResolveRequiredComponents (6ms)
	FinalizeReload (1393ms)
		ReleaseScriptCaches (0ms)
		RebuildScriptCaches (0ms)
		SetupLoadedEditorAssemblies (686ms)
			LogAssemblyErrors (0ms)
			InitializePlatformSupportModulesInManaged (7ms)
			SetLoadedEditorAssemblies (4ms)
			BeforeProcessingInitializeOnLoad (113ms)
			ProcessInitializeOnLoadAttributes (523ms)
			ProcessInitializeOnLoadMethodAttributes (29ms)
			AfterProcessingInitializeOnLoad (10ms)
			EditorAssembliesLoaded (0ms)
		ExecutionOrderSort2 (0ms)
		AwakeInstancesAfterBackupRestoration (9ms)
Refreshing native plugins compatible for Editor in 4.84 ms, found 4 plugins.
Preloading 0 native plugins for Editor in 0.00 ms.
Unloading 4823 Unused Serialized files (Serialized files now loaded: 0)
Unloading 40 unused Assets / (93.3 KB). Loaded Objects now: 5403.
Memory consumption went from 158.3 MB to 158.2 MB.
Total: 4.661300 ms (FindLiveObjects: 0.355400 ms CreateObjectMapping: 0.422400 ms MarkObjects: 3.778000 ms  DeleteObjects: 0.104500 ms)

Prepare: number of updated asset objects reloaded= 0
AssetImportParameters requested are different than current active one (requested -> active):
  custom:scripting/monoscript/fileName/itemValue.cs: f69a7127b11a9b8b566deb4c834b3490 -> 76b03e834c3cc809239a75160e59ab39
  custom:scripting/monoscript/fileName/playerManager.cs: 84ef0c7614d528361310460d29c55d5d -> fa278fc629bee650391d87d1007e9d4f
  custom:scripting/monoscript/fileName/ItemHealth.cs: f197683c3140ac4987fc76906bf005e2 -> 6e83ce6a523189f6f5fb460bfec9c34c
  custom:video-decoder-webm-vp8: 9c59270c3fd7afecdb556c50c9e8de78 -> 
  custom:SearchIndexIgnoredProperties: e643bd26f0fe6173181afceb89e7c659 -> 
  custom:scripting/monoscript/fileName/EnemyBulletScript.cs: e7d80cb660805e36ee5a5f1e215edd4c -> e71ca06aed91363c19a7206f3db18599
  custom:audio-encoder-webm-vorbis: bf7c407c2cedff20999df2af8eb42d56 -> 
  custom:scripting/monoscript/fileName/swapEffect.cs: 0cc00060eb9fe855442098e55f47f51b -> 092546921d3567d2283bb63bbd74fda0
  custom:scripting/monoscript/fileName/EnemyManager.cs: b50740975fb3f50950e34a86a690c641 -> a5f2ce24d5a536281782526914f0e68f
  custom:scripting/monoscript/fileName/PlayerInventory.cs: 6a16196cffadf640070b73a126363a7b -> c5c7e2c06a5c2135f68eaadb62be68ca
  custom:scripting/monoscript/fileName/GroundCheck.cs: 104059698e3938b710e73a1ada3cf7f2 -> aada75943ddc5f9ec791997fb4db8e41
  custom:AudioImporter_EditorPlatform: d09bf68614088b80899f8185d706f6e7 -> 
  custom:scripting/monoscript/fileName/cameraFollow.cs: a3fe78019876429fcb14da267bffd902 -> d894ceed6075e22d3236a105a1c23932
  custom:audio-decoder-ogg-vorbis: bf7c407c2cedff20999df2af8eb42d56 -> 
  custom:scripting/monoscript/fileName/explosionEffect.cs: cd6f70cba070dfaf492cd981f8e5106d -> f7a2b1128d205f6881db76924b370bc7
  custom:video-encoder-webm-vp8: eb34c28f22e8b96e1ab97ce403110664 -> 
  custom:container-demuxer-ogg: 62fdf1f143b41e24485cea50d1cbac27 -> 
  custom:framework-win-MediaFoundation: 216162199b28c13a410421893ffa2e32 -> 
  custom:video-decoder-ogg-theora: a1e56fd34408186e4bbccfd4996cb3dc -> 
  custom:scripting/monoscript/fileName/Enemy_Shooting.cs: 481c6b4472e7963c51b9ff2968d9f6ea -> 1a20005d700cc7c18dc46972e59e8a2f
  custom:scripting/monoscript/fileName/PlayerAttackRadius.cs: 3c18793bbc046bb9e08e8760d79e10a8 -> 7d876089e18024672b620eaaf4a80dff
  custom:scripting/monoscript/fileName/enemyAgroZone.cs: 09aba223f5c5bb4d1d0468e9c70a1673 -> 6c97f386582314f236da33516b1efab9
  custom:container-muxer-webm: aa71ff27fc2769a1b78a27578f13a17b -> 
  custom:CustomObjectIndexerAttribute: 756ad292c208cfabdd7b50bc23989ffe -> 
  custom:container-demuxer-webm: 4f35f7cbe854078d1ac9338744f61a02 -> 
  custom:scripting/monoscript/fileName/CloudFollow.cs: 29792e68137c88b435b3365627368bc6 -> 60e200cdf9afe623b4fef037eb963996
  custom:scripting/monoscript/fileName/playerControls.cs: 60a921168e1f017f5a720f9acb18cd12 -> f38d6680a9972768abba5f059d08cf02
========================================================================
Received Prepare
Begin MonoManager ReloadAssembly
C:\build\output\Unity-Technologies\mono\mono\metadata\icall.c:1842:
C:\build\output\Unity-Technologies\mono\mono\metadata\icall.c:1842:
C:\build\output\Unity-Technologies\mono\mono\metadata\icall.c:1842:
C:\build\output\Unity-Technologies\mono\mono\metadata\icall.c:1842:
C:\build\output\Unity-Technologies\mono\mono\metadata\icall.c:1842:
C:\build\output\Unity-Technologies\mono\mono\metadata\icall.c:1842:
C:\build\output\Unity-Technologies\mono\mono\metadata\icall.c:1842:
C:\build\output\Unity-Technologies\mono\mono\metadata\icall.c:1842:
C:\build\output\Unity-Technologies\mono\mono\metadata\icall.c:1842:
C:\build\output\Unity-Technologies\mono\mono\metadata\icall.c:1842:
C:\build\output\Unity-Technologies\mono\mono\metadata\icall.c:1842:
C:\build\output\Unity-Technologies\mono\mono\metadata\icall.c:1842:
Symbol file LoadedFromMemory doesn't match image C:\Users\Luke\OneDrive\Documents\GitHub\Team-11-fixed\Library\PackageCache\com.unity.visualscripting@1.8.0\Editor\VisualScripting.Core\Dependencies\YamlDotNet\Unity.VisualScripting.YamlDotNet.dll
Symbol file LoadedFromMemory doesn't match image C:\Users\Luke\OneDrive\Documents\GitHub\Team-11-fixed\Library\PackageCache\com.unity.visualscripting@1.8.0\Editor\VisualScripting.Core\Dependencies\DotNetZip\Unity.VisualScripting.IonicZip.dll
- Loaded All Assemblies, in  0.912 seconds
Refreshing native plugins compatible for Editor in 6.09 ms, found 4 plugins.
Native extension for WindowsStandalone target not found
Mono: successfully reloaded assembly
- Finished resetting the current domain, in  1.344 seconds
Domain Reload Profiling: 2250ms
	BeginReloadAssembly (211ms)
		ExecutionOrderSort (0ms)
		DisableScriptedObjects (16ms)
		BackupInstance (0ms)
		ReleaseScriptingObjects (0ms)
		CreateAndSetChildDomain (49ms)
	RebuildCommonClasses (42ms)
	RebuildNativeTypeToScriptingClass (15ms)
	initialDomainReloadingComplete (29ms)
	LoadAllAssembliesAndSetupDomain (608ms)
		LoadAssemblies (348ms)
		RebuildTransferFunctionScriptingTraits (0ms)
		AnalyzeDomain (356ms)
			TypeCache.Refresh (348ms)
				TypeCache.ScanAssembly (337ms)
			ScanForSourceGeneratedMonoScriptInfo (0ms)
			ResolveRequiredComponents (8ms)
	FinalizeReload (1345ms)
		ReleaseScriptCaches (0ms)
		RebuildScriptCaches (0ms)
		SetupLoadedEditorAssemblies (599ms)
			LogAssemblyErrors (0ms)
			InitializePlatformSupportModulesInManaged (7ms)
			SetLoadedEditorAssemblies (3ms)
			BeforeProcessingInitializeOnLoad (121ms)
			ProcessInitializeOnLoadAttributes (424ms)
			ProcessInitializeOnLoadMethodAttributes (36ms)
			AfterProcessingInitializeOnLoad (7ms)
			EditorAssembliesLoaded (0ms)
		ExecutionOrderSort2 (0ms)
		AwakeInstancesAfterBackupRestoration (10ms)
Refreshing native plugins compatible for Editor in 6.15 ms, found 4 plugins.
Preloading 0 native plugins for Editor in 0.00 ms.
Unloading 4824 Unused Serialized files (Serialized files now loaded: 0)
Unloading 38 unused Assets / (93.4 KB). Loaded Objects now: 5418.
Memory consumption went from 158.7 MB to 158.6 MB.
Total: 5.191400 ms (FindLiveObjects: 0.362300 ms CreateObjectMapping: 0.463800 ms MarkObjects: 4.278100 ms  DeleteObjects: 0.086400 ms)

Prepare: number of updated asset objects reloaded= 0
AssetImportParameters requested are different than current active one (requested -> active):
  custom:scripting/monoscript/fileName/itemValue.cs: f69a7127b11a9b8b566deb4c834b3490 -> 76b03e834c3cc809239a75160e59ab39
  custom:scripting/monoscript/fileName/playerManager.cs: 84ef0c7614d528361310460d29c55d5d -> fa278fc629bee650391d87d1007e9d4f
  custom:scripting/monoscript/fileName/ItemHealth.cs: f197683c3140ac4987fc76906bf005e2 -> 6e83ce6a523189f6f5fb460bfec9c34c
  custom:video-decoder-webm-vp8: 9c59270c3fd7afecdb556c50c9e8de78 -> 
  custom:SearchIndexIgnoredProperties: e643bd26f0fe6173181afceb89e7c659 -> 
  custom:scripting/monoscript/fileName/EnemyBulletScript.cs: e7d80cb660805e36ee5a5f1e215edd4c -> e71ca06aed91363c19a7206f3db18599
  custom:audio-encoder-webm-vorbis: bf7c407c2cedff20999df2af8eb42d56 -> 
  custom:scripting/monoscript/fileName/swapEffect.cs: 0cc00060eb9fe855442098e55f47f51b -> 092546921d3567d2283bb63bbd74fda0
  custom:scripting/monoscript/fileName/EnemyManager.cs: b50740975fb3f50950e34a86a690c641 -> a5f2ce24d5a536281782526914f0e68f
  custom:scripting/monoscript/fileName/PlayerInventory.cs: 6a16196cffadf640070b73a126363a7b -> c5c7e2c06a5c2135f68eaadb62be68ca
  custom:scripting/monoscript/fileName/GroundCheck.cs: 104059698e3938b710e73a1ada3cf7f2 -> aada75943ddc5f9ec791997fb4db8e41
  custom:AudioImporter_EditorPlatform: d09bf68614088b80899f8185d706f6e7 -> 
  custom:scripting/monoscript/fileName/cameraFollow.cs: a3fe78019876429fcb14da267bffd902 -> d894ceed6075e22d3236a105a1c23932
  custom:audio-decoder-ogg-vorbis: bf7c407c2cedff20999df2af8eb42d56 -> 
  custom:scripting/monoscript/fileName/explosionEffect.cs: cd6f70cba070dfaf492cd981f8e5106d -> f7a2b1128d205f6881db76924b370bc7
  custom:video-encoder-webm-vp8: eb34c28f22e8b96e1ab97ce403110664 -> 
  custom:container-demuxer-ogg: 62fdf1f143b41e24485cea50d1cbac27 -> 
  custom:framework-win-MediaFoundation: 216162199b28c13a410421893ffa2e32 -> 
  custom:video-decoder-ogg-theora: a1e56fd34408186e4bbccfd4996cb3dc -> 
  custom:scripting/monoscript/fileName/Enemy_Shooting.cs: 481c6b4472e7963c51b9ff2968d9f6ea -> 1a20005d700cc7c18dc46972e59e8a2f
  custom:scripting/monoscript/fileName/PlayerAttackRadius.cs: 3c18793bbc046bb9e08e8760d79e10a8 -> 7d876089e18024672b620eaaf4a80dff
  custom:scripting/monoscript/fileName/enemyAgroZone.cs: 09aba223f5c5bb4d1d0468e9c70a1673 -> 6c97f386582314f236da33516b1efab9
  custom:container-muxer-webm: aa71ff27fc2769a1b78a27578f13a17b -> 
  custom:CustomObjectIndexerAttribute: 756ad292c208cfabdd7b50bc23989ffe -> 
  custom:container-demuxer-webm: 4f35f7cbe854078d1ac9338744f61a02 -> 
  custom:scripting/monoscript/fileName/CloudFollow.cs: 29792e68137c88b435b3365627368bc6 -> 60e200cdf9afe623b4fef037eb963996
  custom:scripting/monoscript/fileName/playerControls.cs: 60a921168e1f017f5a720f9acb18cd12 -> f38d6680a9972768abba5f059d08cf02
========================================================================
Received Import Request.
  Time since last request: 15.278249 seconds.
  path: Assets/Prefabs/Enemy Fly.prefab
  artifactKey: Guid(9349e254be7c674469fec12ed0ccf966) Importer(815301076,1909f56bfc062723c751e8b465ee728b)
Start importing Assets/Prefabs/Enemy Fly.prefab using Guid(9349e254be7c674469fec12ed0ccf966) Importer(815301076,1909f56bfc062723c751e8b465ee728b)  -> (artifact id: '8f21ee2a716e76fc3dd205a3d5592896') in 0.083744 seconds
Internal: There are remaining Allocations on the JobTempAlloc. This is a leak, and will impact performance
To Debug, run app with -diag-job-temp-memory-leak-validation cmd line argument. This will output the callstacks of the leaked allocations.
Number of updated asset objects reloaded before import = 0
Number of asset objects unloaded after import = 43
========================================================================
Received Prepare
Begin MonoManager ReloadAssembly
C:\build\output\Unity-Technologies\mono\mono\metadata\icall.c:1842:
C:\build\output\Unity-Technologies\mono\mono\metadata\icall.c:1842:
C:\build\output\Unity-Technologies\mono\mono\metadata\icall.c:1842:
C:\build\output\Unity-Technologies\mono\mono\metadata\icall.c:1842:
C:\build\output\Unity-Technologies\mono\mono\metadata\icall.c:1842:
C:\build\output\Unity-Technologies\mono\mono\metadata\icall.c:1842:
C:\build\output\Unity-Technologies\mono\mono\metadata\icall.c:1842:
C:\build\output\Unity-Technologies\mono\mono\metadata\icall.c:1842:
C:\build\output\Unity-Technologies\mono\mono\metadata\icall.c:1842:
C:\build\output\Unity-Technologies\mono\mono\metadata\icall.c:1842:
C:\build\output\Unity-Technologies\mono\mono\metadata\icall.c:1842:
C:\build\output\Unity-Technologies\mono\mono\metadata\icall.c:1842:
Symbol file LoadedFromMemory doesn't match image C:\Users\Luke\OneDrive\Documents\GitHub\Team-11-fixed\Library\PackageCache\com.unity.visualscripting@1.8.0\Editor\VisualScripting.Core\Dependencies\YamlDotNet\Unity.VisualScripting.YamlDotNet.dll
Symbol file LoadedFromMemory doesn't match image C:\Users\Luke\OneDrive\Documents\GitHub\Team-11-fixed\Library\PackageCache\com.unity.visualscripting@1.8.0\Editor\VisualScripting.Core\Dependencies\DotNetZip\Unity.VisualScripting.IonicZip.dll
- Loaded All Assemblies, in  0.982 seconds
Refreshing native plugins compatible for Editor in 4.82 ms, found 4 plugins.
Native extension for WindowsStandalone target not found
Mono: successfully reloaded assembly
- Finished resetting the current domain, in  1.163 seconds
Domain Reload Profiling: 2138ms
	BeginReloadAssembly (228ms)
		ExecutionOrderSort (0ms)
		DisableScriptedObjects (14ms)
		BackupInstance (0ms)
		ReleaseScriptingObjects (0ms)
		CreateAndSetChildDomain (57ms)
	RebuildCommonClasses (37ms)
	RebuildNativeTypeToScriptingClass (19ms)
	initialDomainReloadingComplete (38ms)
	LoadAllAssembliesAndSetupDomain (653ms)
		LoadAssemblies (406ms)
		RebuildTransferFunctionScriptingTraits (0ms)
		AnalyzeDomain (361ms)
			TypeCache.Refresh (350ms)
				TypeCache.ScanAssembly (339ms)
			ScanForSourceGeneratedMonoScriptInfo (5ms)
			ResolveRequiredComponents (6ms)
	FinalizeReload (1163ms)
		ReleaseScriptCaches (0ms)
		RebuildScriptCaches (0ms)
		SetupLoadedEditorAssemblies (519ms)
			LogAssemblyErrors (0ms)
			InitializePlatformSupportModulesInManaged (6ms)
			SetLoadedEditorAssemblies (3ms)
			BeforeProcessingInitializeOnLoad (101ms)
			ProcessInitializeOnLoadAttributes (370ms)
			ProcessInitializeOnLoadMethodAttributes (32ms)
			AfterProcessingInitializeOnLoad (7ms)
			EditorAssembliesLoaded (0ms)
		ExecutionOrderSort2 (0ms)
		AwakeInstancesAfterBackupRestoration (7ms)
Refreshing native plugins compatible for Editor in 5.18 ms, found 4 plugins.
Preloading 0 native plugins for Editor in 0.00 ms.
Unloading 4824 Unused Serialized files (Serialized files now loaded: 0)
Unloading 40 unused Assets / (93.3 KB). Loaded Objects now: 5434.
Memory consumption went from 158.6 MB to 158.5 MB.
Total: 4.630900 ms (FindLiveObjects: 0.372300 ms CreateObjectMapping: 0.471000 ms MarkObjects: 3.677100 ms  DeleteObjects: 0.109900 ms)

Prepare: number of updated asset objects reloaded= 0
AssetImportParameters requested are different than current active one (requested -> active):
  custom:scripting/monoscript/fileName/itemValue.cs: f69a7127b11a9b8b566deb4c834b3490 -> 76b03e834c3cc809239a75160e59ab39
  custom:scripting/monoscript/fileName/playerManager.cs: 84ef0c7614d528361310460d29c55d5d -> fa278fc629bee650391d87d1007e9d4f
  custom:scripting/monoscript/fileName/ItemHealth.cs: f197683c3140ac4987fc76906bf005e2 -> 6e83ce6a523189f6f5fb460bfec9c34c
  custom:video-decoder-webm-vp8: 9c59270c3fd7afecdb556c50c9e8de78 -> 
  custom:SearchIndexIgnoredProperties: e643bd26f0fe6173181afceb89e7c659 -> 
  custom:scripting/monoscript/fileName/EnemyBulletScript.cs: e7d80cb660805e36ee5a5f1e215edd4c -> e71ca06aed91363c19a7206f3db18599
  custom:audio-encoder-webm-vorbis: bf7c407c2cedff20999df2af8eb42d56 -> 
  custom:scripting/monoscript/fileName/swapEffect.cs: 0cc00060eb9fe855442098e55f47f51b -> 092546921d3567d2283bb63bbd74fda0
  custom:scripting/monoscript/fileName/EnemyManager.cs: b50740975fb3f50950e34a86a690c641 -> a5f2ce24d5a536281782526914f0e68f
  custom:scripting/monoscript/fileName/PlayerInventory.cs: 6a16196cffadf640070b73a126363a7b -> c5c7e2c06a5c2135f68eaadb62be68ca
  custom:scripting/monoscript/fileName/GroundCheck.cs: 104059698e3938b710e73a1ada3cf7f2 -> aada75943ddc5f9ec791997fb4db8e41
  custom:AudioImporter_EditorPlatform: d09bf68614088b80899f8185d706f6e7 -> 
  custom:scripting/monoscript/fileName/cameraFollow.cs: a3fe78019876429fcb14da267bffd902 -> d894ceed6075e22d3236a105a1c23932
  custom:audio-decoder-ogg-vorbis: bf7c407c2cedff20999df2af8eb42d56 -> 
  custom:scripting/monoscript/fileName/explosionEffect.cs: cd6f70cba070dfaf492cd981f8e5106d -> f7a2b1128d205f6881db76924b370bc7
  custom:video-encoder-webm-vp8: eb34c28f22e8b96e1ab97ce403110664 -> 
  custom:container-demuxer-ogg: 62fdf1f143b41e24485cea50d1cbac27 -> 
  custom:framework-win-MediaFoundation: 216162199b28c13a410421893ffa2e32 -> 
  custom:video-decoder-ogg-theora: a1e56fd34408186e4bbccfd4996cb3dc -> 
  custom:scripting/monoscript/fileName/Enemy_Shooting.cs: 481c6b4472e7963c51b9ff2968d9f6ea -> 1a20005d700cc7c18dc46972e59e8a2f
  custom:scripting/monoscript/fileName/PlayerAttackRadius.cs: 3c18793bbc046bb9e08e8760d79e10a8 -> 7d876089e18024672b620eaaf4a80dff
  custom:scripting/monoscript/fileName/enemyAgroZone.cs: 09aba223f5c5bb4d1d0468e9c70a1673 -> 6c97f386582314f236da33516b1efab9
  custom:container-muxer-webm: aa71ff27fc2769a1b78a27578f13a17b -> 
  custom:CustomObjectIndexerAttribute: 756ad292c208cfabdd7b50bc23989ffe -> 
  custom:container-demuxer-webm: 4f35f7cbe854078d1ac9338744f61a02 -> 
  custom:scripting/monoscript/fileName/CloudFollow.cs: 29792e68137c88b435b3365627368bc6 -> 60e200cdf9afe623b4fef037eb963996
  custom:scripting/monoscript/fileName/playerControls.cs: 60a921168e1f017f5a720f9acb18cd12 -> f38d6680a9972768abba5f059d08cf02
========================================================================
Received Import Request.
  Time since last request: 309.765011 seconds.
  path: Assets/PlayerNormal.prefab
  artifactKey: Guid(666e7b60bac03524192b22a966d4f183) Importer(815301076,1909f56bfc062723c751e8b465ee728b)
Start importing Assets/PlayerNormal.prefab using Guid(666e7b60bac03524192b22a966d4f183) Importer(815301076,1909f56bfc062723c751e8b465ee728b)  -> (artifact id: '25531c68f28b701f74f9bfda08e63676') in 0.207614 seconds
Internal: There are remaining Allocations on the JobTempAlloc. This is a leak, and will impact performance
To Debug, run app with -diag-job-temp-memory-leak-validation cmd line argument. This will output the callstacks of the leaked allocations.
Number of updated asset objects reloaded before import = 0
Number of asset objects unloaded after import = 81
========================================================================
Received Import Request.
  Time since last request: 7.217486 seconds.
  path: Assets/PlayerNormal.prefab
  artifactKey: Guid(666e7b60bac03524192b22a966d4f183) Importer(815301076,1909f56bfc062723c751e8b465ee728b)
Start importing Assets/PlayerNormal.prefab using Guid(666e7b60bac03524192b22a966d4f183) Importer(815301076,1909f56bfc062723c751e8b465ee728b)  -> (artifact id: '59773c54f1d67a967f91b3c63dbbbf6a') in 0.089392 seconds
Internal: There are remaining Allocations on the JobTempAlloc. This is a leak, and will impact performance
To Debug, run app with -diag-job-temp-memory-leak-validation cmd line argument. This will output the callstacks of the leaked allocations.
Number of updated asset objects reloaded before import = 0
Number of asset objects unloaded after import = 81
========================================================================
Received Prepare
Begin MonoManager ReloadAssembly
C:\build\output\Unity-Technologies\mono\mono\metadata\icall.c:1842:
C:\build\output\Unity-Technologies\mono\mono\metadata\icall.c:1842:
C:\build\output\Unity-Technologies\mono\mono\metadata\icall.c:1842:
C:\build\output\Unity-Technologies\mono\mono\metadata\icall.c:1842:
C:\build\output\Unity-Technologies\mono\mono\metadata\icall.c:1842:
C:\build\output\Unity-Technologies\mono\mono\metadata\icall.c:1842:
C:\build\output\Unity-Technologies\mono\mono\metadata\icall.c:1842:
C:\build\output\Unity-Technologies\mono\mono\metadata\icall.c:1842:
C:\build\output\Unity-Technologies\mono\mono\metadata\icall.c:1842:
C:\build\output\Unity-Technologies\mono\mono\metadata\icall.c:1842:
C:\build\output\Unity-Technologies\mono\mono\metadata\icall.c:1842:
C:\build\output\Unity-Technologies\mono\mono\metadata\icall.c:1842:
Symbol file LoadedFromMemory doesn't match image C:\Users\Luke\OneDrive\Documents\GitHub\Team-11-fixed\Library\PackageCache\com.unity.visualscripting@1.8.0\Editor\VisualScripting.Core\Dependencies\YamlDotNet\Unity.VisualScripting.YamlDotNet.dll
Symbol file LoadedFromMemory doesn't match image C:\Users\Luke\OneDrive\Documents\GitHub\Team-11-fixed\Library\PackageCache\com.unity.visualscripting@1.8.0\Editor\VisualScripting.Core\Dependencies\DotNetZip\Unity.VisualScripting.IonicZip.dll
- Loaded All Assemblies, in  0.905 seconds
Refreshing native plugins compatible for Editor in 5.01 ms, found 4 plugins.
Native extension for WindowsStandalone target not found
Mono: successfully reloaded assembly
- Finished resetting the current domain, in  1.295 seconds
Domain Reload Profiling: 2194ms
	BeginReloadAssembly (213ms)
		ExecutionOrderSort (0ms)
		DisableScriptedObjects (14ms)
		BackupInstance (0ms)
		ReleaseScriptingObjects (0ms)
		CreateAndSetChildDomain (51ms)
	RebuildCommonClasses (38ms)
	RebuildNativeTypeToScriptingClass (15ms)
	initialDomainReloadingComplete (31ms)
	LoadAllAssembliesAndSetupDomain (602ms)
		LoadAssemblies (361ms)
		RebuildTransferFunctionScriptingTraits (0ms)
		AnalyzeDomain (344ms)
			TypeCache.Refresh (332ms)
				TypeCache.ScanAssembly (321ms)
			ScanForSourceGeneratedMonoScriptInfo (5ms)
			ResolveRequiredComponents (6ms)
	FinalizeReload (1295ms)
		ReleaseScriptCaches (0ms)
		RebuildScriptCaches (0ms)
		SetupLoadedEditorAssemblies (577ms)
			LogAssemblyErrors (0ms)
			InitializePlatformSupportModulesInManaged (6ms)
			SetLoadedEditorAssemblies (3ms)
			BeforeProcessingInitializeOnLoad (113ms)
			ProcessInitializeOnLoadAttributes (410ms)
			ProcessInitializeOnLoadMethodAttributes (36ms)
			AfterProcessingInitializeOnLoad (8ms)
			EditorAssembliesLoaded (0ms)
		ExecutionOrderSort2 (0ms)
		AwakeInstancesAfterBackupRestoration (9ms)
Refreshing native plugins compatible for Editor in 5.00 ms, found 4 plugins.
Preloading 0 native plugins for Editor in 0.00 ms.
Unloading 4824 Unused Serialized files (Serialized files now loaded: 0)
Unloading 40 unused Assets / (93.4 KB). Loaded Objects now: 5449.
Memory consumption went from 158.6 MB to 158.5 MB.
Total: 4.798700 ms (FindLiveObjects: 0.377400 ms CreateObjectMapping: 0.462400 ms MarkObjects: 3.855100 ms  DeleteObjects: 0.102900 ms)

Prepare: number of updated asset objects reloaded= 0
AssetImportParameters requested are different than current active one (requested -> active):
  custom:scripting/monoscript/fileName/itemValue.cs: f69a7127b11a9b8b566deb4c834b3490 -> 76b03e834c3cc809239a75160e59ab39
  custom:scripting/monoscript/fileName/playerManager.cs: 84ef0c7614d528361310460d29c55d5d -> fa278fc629bee650391d87d1007e9d4f
  custom:scripting/monoscript/fileName/ItemHealth.cs: f197683c3140ac4987fc76906bf005e2 -> 6e83ce6a523189f6f5fb460bfec9c34c
  custom:video-decoder-webm-vp8: 9c59270c3fd7afecdb556c50c9e8de78 -> 
  custom:SearchIndexIgnoredProperties: e643bd26f0fe6173181afceb89e7c659 -> 
  custom:scripting/monoscript/fileName/EnemyBulletScript.cs: e7d80cb660805e36ee5a5f1e215edd4c -> e71ca06aed91363c19a7206f3db18599
  custom:audio-encoder-webm-vorbis: bf7c407c2cedff20999df2af8eb42d56 -> 
  custom:scripting/monoscript/fileName/swapEffect.cs: 0cc00060eb9fe855442098e55f47f51b -> 092546921d3567d2283bb63bbd74fda0
  custom:scripting/monoscript/fileName/EnemyManager.cs: b50740975fb3f50950e34a86a690c641 -> a5f2ce24d5a536281782526914f0e68f
  custom:scripting/monoscript/fileName/PlayerInventory.cs: 6a16196cffadf640070b73a126363a7b -> c5c7e2c06a5c2135f68eaadb62be68ca
  custom:scripting/monoscript/fileName/GroundCheck.cs: 104059698e3938b710e73a1ada3cf7f2 -> aada75943ddc5f9ec791997fb4db8e41
  custom:AudioImporter_EditorPlatform: d09bf68614088b80899f8185d706f6e7 -> 
  custom:scripting/monoscript/fileName/cameraFollow.cs: a3fe78019876429fcb14da267bffd902 -> d894ceed6075e22d3236a105a1c23932
  custom:audio-decoder-ogg-vorbis: bf7c407c2cedff20999df2af8eb42d56 -> 
  custom:scripting/monoscript/fileName/explosionEffect.cs: cd6f70cba070dfaf492cd981f8e5106d -> f7a2b1128d205f6881db76924b370bc7
  custom:video-encoder-webm-vp8: eb34c28f22e8b96e1ab97ce403110664 -> 
  custom:container-demuxer-ogg: 62fdf1f143b41e24485cea50d1cbac27 -> 
  custom:framework-win-MediaFoundation: 216162199b28c13a410421893ffa2e32 -> 
  custom:video-decoder-ogg-theora: a1e56fd34408186e4bbccfd4996cb3dc -> 
  custom:scripting/monoscript/fileName/Enemy_Shooting.cs: 481c6b4472e7963c51b9ff2968d9f6ea -> 1a20005d700cc7c18dc46972e59e8a2f
  custom:scripting/monoscript/fileName/PlayerAttackRadius.cs: 3c18793bbc046bb9e08e8760d79e10a8 -> 7d876089e18024672b620eaaf4a80dff
  custom:scripting/monoscript/fileName/enemyAgroZone.cs: 09aba223f5c5bb4d1d0468e9c70a1673 -> 6c97f386582314f236da33516b1efab9
  custom:container-muxer-webm: aa71ff27fc2769a1b78a27578f13a17b -> 
  custom:CustomObjectIndexerAttribute: 756ad292c208cfabdd7b50bc23989ffe -> 
  custom:container-demuxer-webm: 4f35f7cbe854078d1ac9338744f61a02 -> 
  custom:scripting/monoscript/fileName/CloudFollow.cs: 29792e68137c88b435b3365627368bc6 -> 60e200cdf9afe623b4fef037eb963996
  custom:scripting/monoscript/fileName/playerControls.cs: 60a921168e1f017f5a720f9acb18cd12 -> f38d6680a9972768abba5f059d08cf02
========================================================================
Received Import Request.
  Time since last request: 54.069271 seconds.
  path: Assets/PlayerSmall.prefab
  artifactKey: Guid(7cff3a68d8f63ec4ca50314f3a56c762) Importer(815301076,1909f56bfc062723c751e8b465ee728b)
Start importing Assets/PlayerSmall.prefab using Guid(7cff3a68d8f63ec4ca50314f3a56c762) Importer(815301076,1909f56bfc062723c751e8b465ee728b)  -> (artifact id: '874de6bf5467636d2d8302be636244ab') in 0.085895 seconds
Internal: There are remaining Allocations on the JobTempAlloc. This is a leak, and will impact performance
To Debug, run app with -diag-job-temp-memory-leak-validation cmd line argument. This will output the callstacks of the leaked allocations.
Number of updated asset objects reloaded before import = 0
Number of asset objects unloaded after import = 45
========================================================================
Received Import Request.
  Time since last request: 0.000021 seconds.
  path: Assets/PlayerNormal.prefab
  artifactKey: Guid(666e7b60bac03524192b22a966d4f183) Importer(815301076,1909f56bfc062723c751e8b465ee728b)
Start importing Assets/PlayerNormal.prefab using Guid(666e7b60bac03524192b22a966d4f183) Importer(815301076,1909f56bfc062723c751e8b465ee728b)  -> (artifact id: '23835fc45b18375c58dcbe9d1d33cc64') in 0.014542 seconds
Internal: There are remaining Allocations on the JobTempAlloc. This is a leak, and will impact performance
To Debug, run app with -diag-job-temp-memory-leak-validation cmd line argument. This will output the callstacks of the leaked allocations.
Number of updated asset objects reloaded before import = 0
Number of asset objects unloaded after import = 81
========================================================================
Received Import Request.
  Time since last request: 5.354413 seconds.
  path: Assets/PlayerNormal.prefab
  artifactKey: Guid(666e7b60bac03524192b22a966d4f183) Importer(815301076,1909f56bfc062723c751e8b465ee728b)
Start importing Assets/PlayerNormal.prefab using Guid(666e7b60bac03524192b22a966d4f183) Importer(815301076,1909f56bfc062723c751e8b465ee728b)  -> (artifact id: '90316860f22ade632421d2a8535fbb6b') in 0.120607 seconds
Internal: There are remaining Allocations on the JobTempAlloc. This is a leak, and will impact performance
To Debug, run app with -diag-job-temp-memory-leak-validation cmd line argument. This will output the callstacks of the leaked allocations.
Number of updated asset objects reloaded before import = 0
Number of asset objects unloaded after import = 81
========================================================================
Received Prepare
Begin MonoManager ReloadAssembly
C:\build\output\Unity-Technologies\mono\mono\metadata\icall.c:1842:
C:\build\output\Unity-Technologies\mono\mono\metadata\icall.c:1842:
C:\build\output\Unity-Technologies\mono\mono\metadata\icall.c:1842:
C:\build\output\Unity-Technologies\mono\mono\metadata\icall.c:1842:
C:\build\output\Unity-Technologies\mono\mono\metadata\icall.c:1842:
C:\build\output\Unity-Technologies\mono\mono\metadata\icall.c:1842:
C:\build\output\Unity-Technologies\mono\mono\metadata\icall.c:1842:
C:\build\output\Unity-Technologies\mono\mono\metadata\icall.c:1842:
C:\build\output\Unity-Technologies\mono\mono\metadata\icall.c:1842:
C:\build\output\Unity-Technologies\mono\mono\metadata\icall.c:1842:
C:\build\output\Unity-Technologies\mono\mono\metadata\icall.c:1842:
C:\build\output\Unity-Technologies\mono\mono\metadata\icall.c:1842:
Symbol file LoadedFromMemory doesn't match image C:\Users\Luke\OneDrive\Documents\GitHub\Team-11-fixed\Library\PackageCache\com.unity.visualscripting@1.8.0\Editor\VisualScripting.Core\Dependencies\YamlDotNet\Unity.VisualScripting.YamlDotNet.dll
Symbol file LoadedFromMemory doesn't match image C:\Users\Luke\OneDrive\Documents\GitHub\Team-11-fixed\Library\PackageCache\com.unity.visualscripting@1.8.0\Editor\VisualScripting.Core\Dependencies\DotNetZip\Unity.VisualScripting.IonicZip.dll
- Loaded All Assemblies, in  0.930 seconds
Refreshing native plugins compatible for Editor in 5.97 ms, found 4 plugins.
Native extension for WindowsStandalone target not found
Mono: successfully reloaded assembly
- Finished resetting the current domain, in  1.221 seconds
Domain Reload Profiling: 2144ms
	BeginReloadAssembly (221ms)
		ExecutionOrderSort (0ms)
		DisableScriptedObjects (17ms)
		BackupInstance (0ms)
		ReleaseScriptingObjects (0ms)
		CreateAndSetChildDomain (55ms)
	RebuildCommonClasses (38ms)
	RebuildNativeTypeToScriptingClass (15ms)
	initialDomainReloadingComplete (39ms)
	LoadAllAssembliesAndSetupDomain (610ms)
		LoadAssemblies (371ms)
		RebuildTransferFunctionScriptingTraits (0ms)
		AnalyzeDomain (342ms)
			TypeCache.Refresh (327ms)
				TypeCache.ScanAssembly (314ms)
			ScanForSourceGeneratedMonoScriptInfo (5ms)
			ResolveRequiredComponents (9ms)
	FinalizeReload (1222ms)
		ReleaseScriptCaches (0ms)
		RebuildScriptCaches (0ms)
		SetupLoadedEditorAssemblies (540ms)
			LogAssemblyErrors (0ms)
			InitializePlatformSupportModulesInManaged (7ms)
			SetLoadedEditorAssemblies (5ms)
			BeforeProcessingInitializeOnLoad (107ms)
			ProcessInitializeOnLoadAttributes (380ms)
			ProcessInitializeOnLoadMethodAttributes (34ms)
			AfterProcessingInitializeOnLoad (7ms)
			EditorAssembliesLoaded (0ms)
		ExecutionOrderSort2 (0ms)
		AwakeInstancesAfterBackupRestoration (8ms)
Refreshing native plugins compatible for Editor in 6.16 ms, found 4 plugins.
Preloading 0 native plugins for Editor in 0.00 ms.
Unloading 4823 Unused Serialized files (Serialized files now loaded: 0)
Unloading 41 unused Assets / (93.7 KB). Loaded Objects now: 5463.
Memory consumption went from 158.6 MB to 158.5 MB.
Total: 6.913400 ms (FindLiveObjects: 0.421000 ms CreateObjectMapping: 0.535900 ms MarkObjects: 5.799000 ms  DeleteObjects: 0.156500 ms)

Prepare: number of updated asset objects reloaded= 0
AssetImportParameters requested are different than current active one (requested -> active):
  custom:scripting/monoscript/fileName/itemValue.cs: f69a7127b11a9b8b566deb4c834b3490 -> 76b03e834c3cc809239a75160e59ab39
  custom:scripting/monoscript/fileName/playerManager.cs: 84ef0c7614d528361310460d29c55d5d -> fa278fc629bee650391d87d1007e9d4f
  custom:scripting/monoscript/fileName/ItemHealth.cs: f197683c3140ac4987fc76906bf005e2 -> 6e83ce6a523189f6f5fb460bfec9c34c
  custom:video-decoder-webm-vp8: 9c59270c3fd7afecdb556c50c9e8de78 -> 
  custom:SearchIndexIgnoredProperties: e643bd26f0fe6173181afceb89e7c659 -> 
  custom:scripting/monoscript/fileName/EnemyBulletScript.cs: e7d80cb660805e36ee5a5f1e215edd4c -> e71ca06aed91363c19a7206f3db18599
  custom:audio-encoder-webm-vorbis: bf7c407c2cedff20999df2af8eb42d56 -> 
  custom:scripting/monoscript/fileName/swapEffect.cs: 0cc00060eb9fe855442098e55f47f51b -> 092546921d3567d2283bb63bbd74fda0
  custom:scripting/monoscript/fileName/EnemyManager.cs: b50740975fb3f50950e34a86a690c641 -> a5f2ce24d5a536281782526914f0e68f
  custom:scripting/monoscript/fileName/PlayerInventory.cs: 6a16196cffadf640070b73a126363a7b -> c5c7e2c06a5c2135f68eaadb62be68ca
  custom:scripting/monoscript/fileName/GroundCheck.cs: 104059698e3938b710e73a1ada3cf7f2 -> aada75943ddc5f9ec791997fb4db8e41
  custom:AudioImporter_EditorPlatform: d09bf68614088b80899f8185d706f6e7 -> 
  custom:scripting/monoscript/fileName/cameraFollow.cs: a3fe78019876429fcb14da267bffd902 -> d894ceed6075e22d3236a105a1c23932
  custom:audio-decoder-ogg-vorbis: bf7c407c2cedff20999df2af8eb42d56 -> 
  custom:scripting/monoscript/fileName/explosionEffect.cs: cd6f70cba070dfaf492cd981f8e5106d -> f7a2b1128d205f6881db76924b370bc7
  custom:video-encoder-webm-vp8: eb34c28f22e8b96e1ab97ce403110664 -> 
  custom:container-demuxer-ogg: 62fdf1f143b41e24485cea50d1cbac27 -> 
  custom:framework-win-MediaFoundation: 216162199b28c13a410421893ffa2e32 -> 
  custom:video-decoder-ogg-theora: a1e56fd34408186e4bbccfd4996cb3dc -> 
  custom:scripting/monoscript/fileName/Enemy_Shooting.cs: 481c6b4472e7963c51b9ff2968d9f6ea -> 1a20005d700cc7c18dc46972e59e8a2f
  custom:scripting/monoscript/fileName/PlayerAttackRadius.cs: 3c18793bbc046bb9e08e8760d79e10a8 -> 7d876089e18024672b620eaaf4a80dff
  custom:scripting/monoscript/fileName/enemyAgroZone.cs: 09aba223f5c5bb4d1d0468e9c70a1673 -> 6c97f386582314f236da33516b1efab9
  custom:container-muxer-webm: aa71ff27fc2769a1b78a27578f13a17b -> 
  custom:CustomObjectIndexerAttribute: 756ad292c208cfabdd7b50bc23989ffe -> 
  custom:container-demuxer-webm: 4f35f7cbe854078d1ac9338744f61a02 -> 
  custom:scripting/monoscript/fileName/CloudFollow.cs: 29792e68137c88b435b3365627368bc6 -> 60e200cdf9afe623b4fef037eb963996
  custom:scripting/monoscript/fileName/playerControls.cs: 60a921168e1f017f5a720f9acb18cd12 -> f38d6680a9972768abba5f059d08cf02
========================================================================
Received Prepare
Begin MonoManager ReloadAssembly
C:\build\output\Unity-Technologies\mono\mono\metadata\icall.c:1842:
C:\build\output\Unity-Technologies\mono\mono\metadata\icall.c:1842:
C:\build\output\Unity-Technologies\mono\mono\metadata\icall.c:1842:
C:\build\output\Unity-Technologies\mono\mono\metadata\icall.c:1842:
C:\build\output\Unity-Technologies\mono\mono\metadata\icall.c:1842:
C:\build\output\Unity-Technologies\mono\mono\metadata\icall.c:1842:
C:\build\output\Unity-Technologies\mono\mono\metadata\icall.c:1842:
C:\build\output\Unity-Technologies\mono\mono\metadata\icall.c:1842:
C:\build\output\Unity-Technologies\mono\mono\metadata\icall.c:1842:
C:\build\output\Unity-Technologies\mono\mono\metadata\icall.c:1842:
C:\build\output\Unity-Technologies\mono\mono\metadata\icall.c:1842:
C:\build\output\Unity-Technologies\mono\mono\metadata\icall.c:1842:
Symbol file LoadedFromMemory doesn't match image C:\Users\Luke\OneDrive\Documents\GitHub\Team-11-fixed\Library\PackageCache\com.unity.visualscripting@1.8.0\Editor\VisualScripting.Core\Dependencies\YamlDotNet\Unity.VisualScripting.YamlDotNet.dll
Symbol file LoadedFromMemory doesn't match image C:\Users\Luke\OneDrive\Documents\GitHub\Team-11-fixed\Library\PackageCache\com.unity.visualscripting@1.8.0\Editor\VisualScripting.Core\Dependencies\DotNetZip\Unity.VisualScripting.IonicZip.dll
- Loaded All Assemblies, in  0.897 seconds
Refreshing native plugins compatible for Editor in 5.70 ms, found 4 plugins.
Native extension for WindowsStandalone target not found
Mono: successfully reloaded assembly
- Finished resetting the current domain, in  1.284 seconds
Domain Reload Profiling: 2175ms
	BeginReloadAssembly (210ms)
		ExecutionOrderSort (0ms)
		DisableScriptedObjects (14ms)
		BackupInstance (0ms)
		ReleaseScriptingObjects (0ms)
		CreateAndSetChildDomain (51ms)
	RebuildCommonClasses (36ms)
	RebuildNativeTypeToScriptingClass (18ms)
	initialDomainReloadingComplete (31ms)
	LoadAllAssembliesAndSetupDomain (596ms)
		LoadAssemblies (361ms)
		RebuildTransferFunctionScriptingTraits (0ms)
		AnalyzeDomain (331ms)
			TypeCache.Refresh (314ms)
				TypeCache.ScanAssembly (301ms)
			ScanForSourceGeneratedMonoScriptInfo (6ms)
			ResolveRequiredComponents (10ms)
	FinalizeReload (1284ms)
		ReleaseScriptCaches (0ms)
		RebuildScriptCaches (0ms)
		SetupLoadedEditorAssemblies (531ms)
			LogAssemblyErrors (0ms)
			InitializePlatformSupportModulesInManaged (6ms)
			SetLoadedEditorAssemblies (5ms)
			BeforeProcessingInitializeOnLoad (105ms)
			ProcessInitializeOnLoadAttributes (372ms)
			ProcessInitializeOnLoadMethodAttributes (34ms)
			AfterProcessingInitializeOnLoad (9ms)
			EditorAssembliesLoaded (0ms)
		ExecutionOrderSort2 (0ms)
		AwakeInstancesAfterBackupRestoration (7ms)
Refreshing native plugins compatible for Editor in 4.98 ms, found 4 plugins.
Preloading 0 native plugins for Editor in 0.00 ms.
Unloading 4824 Unused Serialized files (Serialized files now loaded: 0)
Unloading 38 unused Assets / (92.6 KB). Loaded Objects now: 5478.
Memory consumption went from 158.8 MB to 158.8 MB.
Total: 5.690300 ms (FindLiveObjects: 0.377400 ms CreateObjectMapping: 0.457000 ms MarkObjects: 4.784600 ms  DeleteObjects: 0.070500 ms)

Prepare: number of updated asset objects reloaded= 0
AssetImportParameters requested are different than current active one (requested -> active):
  custom:scripting/monoscript/fileName/itemValue.cs: f69a7127b11a9b8b566deb4c834b3490 -> 76b03e834c3cc809239a75160e59ab39
  custom:scripting/monoscript/fileName/playerManager.cs: 84ef0c7614d528361310460d29c55d5d -> fa278fc629bee650391d87d1007e9d4f
  custom:scripting/monoscript/fileName/ItemHealth.cs: f197683c3140ac4987fc76906bf005e2 -> 6e83ce6a523189f6f5fb460bfec9c34c
  custom:video-decoder-webm-vp8: 9c59270c3fd7afecdb556c50c9e8de78 -> 
  custom:SearchIndexIgnoredProperties: e643bd26f0fe6173181afceb89e7c659 -> 
  custom:scripting/monoscript/fileName/EnemyBulletScript.cs: e7d80cb660805e36ee5a5f1e215edd4c -> e71ca06aed91363c19a7206f3db18599
  custom:audio-encoder-webm-vorbis: bf7c407c2cedff20999df2af8eb42d56 -> 
  custom:scripting/monoscript/fileName/swapEffect.cs: 0cc00060eb9fe855442098e55f47f51b -> 092546921d3567d2283bb63bbd74fda0
  custom:scripting/monoscript/fileName/EnemyManager.cs: b50740975fb3f50950e34a86a690c641 -> a5f2ce24d5a536281782526914f0e68f
  custom:scripting/monoscript/fileName/PlayerInventory.cs: 6a16196cffadf640070b73a126363a7b -> c5c7e2c06a5c2135f68eaadb62be68ca
  custom:scripting/monoscript/fileName/GroundCheck.cs: 104059698e3938b710e73a1ada3cf7f2 -> aada75943ddc5f9ec791997fb4db8e41
  custom:AudioImporter_EditorPlatform: d09bf68614088b80899f8185d706f6e7 -> 
  custom:scripting/monoscript/fileName/cameraFollow.cs: a3fe78019876429fcb14da267bffd902 -> d894ceed6075e22d3236a105a1c23932
  custom:audio-decoder-ogg-vorbis: bf7c407c2cedff20999df2af8eb42d56 -> 
  custom:scripting/monoscript/fileName/explosionEffect.cs: cd6f70cba070dfaf492cd981f8e5106d -> f7a2b1128d205f6881db76924b370bc7
  custom:video-encoder-webm-vp8: eb34c28f22e8b96e1ab97ce403110664 -> 
  custom:container-demuxer-ogg: 62fdf1f143b41e24485cea50d1cbac27 -> 
  custom:framework-win-MediaFoundation: 216162199b28c13a410421893ffa2e32 -> 
  custom:video-decoder-ogg-theora: a1e56fd34408186e4bbccfd4996cb3dc -> 
  custom:scripting/monoscript/fileName/Enemy_Shooting.cs: 481c6b4472e7963c51b9ff2968d9f6ea -> 1a20005d700cc7c18dc46972e59e8a2f
  custom:scripting/monoscript/fileName/PlayerAttackRadius.cs: 3c18793bbc046bb9e08e8760d79e10a8 -> 7d876089e18024672b620eaaf4a80dff
  custom:scripting/monoscript/fileName/enemyAgroZone.cs: 09aba223f5c5bb4d1d0468e9c70a1673 -> 6c97f386582314f236da33516b1efab9
  custom:container-muxer-webm: aa71ff27fc2769a1b78a27578f13a17b -> 
  custom:CustomObjectIndexerAttribute: 756ad292c208cfabdd7b50bc23989ffe -> 
  custom:container-demuxer-webm: 4f35f7cbe854078d1ac9338744f61a02 -> 
  custom:scripting/monoscript/fileName/CloudFollow.cs: 29792e68137c88b435b3365627368bc6 -> 60e200cdf9afe623b4fef037eb963996
  custom:scripting/monoscript/fileName/playerControls.cs: 60a921168e1f017f5a720f9acb18cd12 -> f38d6680a9972768abba5f059d08cf02
========================================================================
Received Prepare
Begin MonoManager ReloadAssembly
C:\build\output\Unity-Technologies\mono\mono\metadata\icall.c:1842:
C:\build\output\Unity-Technologies\mono\mono\metadata\icall.c:1842:
C:\build\output\Unity-Technologies\mono\mono\metadata\icall.c:1842:
C:\build\output\Unity-Technologies\mono\mono\metadata\icall.c:1842:
C:\build\output\Unity-Technologies\mono\mono\metadata\icall.c:1842:
C:\build\output\Unity-Technologies\mono\mono\metadata\icall.c:1842:
C:\build\output\Unity-Technologies\mono\mono\metadata\icall.c:1842:
C:\build\output\Unity-Technologies\mono\mono\metadata\icall.c:1842:
C:\build\output\Unity-Technologies\mono\mono\metadata\icall.c:1842:
C:\build\output\Unity-Technologies\mono\mono\metadata\icall.c:1842:
C:\build\output\Unity-Technologies\mono\mono\metadata\icall.c:1842:
C:\build\output\Unity-Technologies\mono\mono\metadata\icall.c:1842:
Symbol file LoadedFromMemory doesn't match image C:\Users\Luke\OneDrive\Documents\GitHub\Team-11-fixed\Library\PackageCache\com.unity.visualscripting@1.8.0\Editor\VisualScripting.Core\Dependencies\YamlDotNet\Unity.VisualScripting.YamlDotNet.dll
Symbol file LoadedFromMemory doesn't match image C:\Users\Luke\OneDrive\Documents\GitHub\Team-11-fixed\Library\PackageCache\com.unity.visualscripting@1.8.0\Editor\VisualScripting.Core\Dependencies\DotNetZip\Unity.VisualScripting.IonicZip.dll
- Loaded All Assemblies, in  0.896 seconds
Refreshing native plugins compatible for Editor in 5.72 ms, found 4 plugins.
Native extension for WindowsStandalone target not found
Mono: successfully reloaded assembly
- Finished resetting the current domain, in  1.387 seconds
Domain Reload Profiling: 2277ms
	BeginReloadAssembly (205ms)
		ExecutionOrderSort (0ms)
		DisableScriptedObjects (13ms)
		BackupInstance (0ms)
		ReleaseScriptingObjects (0ms)
		CreateAndSetChildDomain (45ms)
	RebuildCommonClasses (39ms)
	RebuildNativeTypeToScriptingClass (14ms)
	initialDomainReloadingComplete (34ms)
	LoadAllAssembliesAndSetupDomain (598ms)
		LoadAssemblies (359ms)
		RebuildTransferFunctionScriptingTraits (0ms)
		AnalyzeDomain (340ms)
			TypeCache.Refresh (331ms)
				TypeCache.ScanAssembly (319ms)
			ScanForSourceGeneratedMonoScriptInfo (0ms)
			ResolveRequiredComponents (8ms)
	FinalizeReload (1387ms)
		ReleaseScriptCaches (0ms)
		RebuildScriptCaches (0ms)
		SetupLoadedEditorAssemblies (627ms)
			LogAssemblyErrors (0ms)
			InitializePlatformSupportModulesInManaged (8ms)
			SetLoadedEditorAssemblies (4ms)
			BeforeProcessingInitializeOnLoad (117ms)
			ProcessInitializeOnLoadAttributes (454ms)
			ProcessInitializeOnLoadMethodAttributes (34ms)
			AfterProcessingInitializeOnLoad (10ms)
			EditorAssembliesLoaded (0ms)
		ExecutionOrderSort2 (0ms)
		AwakeInstancesAfterBackupRestoration (9ms)
Refreshing native plugins compatible for Editor in 6.03 ms, found 4 plugins.
Preloading 0 native plugins for Editor in 0.00 ms.
Unloading 4824 Unused Serialized files (Serialized files now loaded: 0)
Unloading 38 unused Assets / (92.6 KB). Loaded Objects now: 5493.
Memory consumption went from 158.8 MB to 158.7 MB.
Total: 5.006800 ms (FindLiveObjects: 0.373000 ms CreateObjectMapping: 0.422800 ms MarkObjects: 4.116700 ms  DeleteObjects: 0.093600 ms)

Prepare: number of updated asset objects reloaded= 0
AssetImportParameters requested are different than current active one (requested -> active):
  custom:scripting/monoscript/fileName/itemValue.cs: f69a7127b11a9b8b566deb4c834b3490 -> 76b03e834c3cc809239a75160e59ab39
  custom:scripting/monoscript/fileName/playerManager.cs: 84ef0c7614d528361310460d29c55d5d -> fa278fc629bee650391d87d1007e9d4f
  custom:scripting/monoscript/fileName/ItemHealth.cs: f197683c3140ac4987fc76906bf005e2 -> 6e83ce6a523189f6f5fb460bfec9c34c
  custom:video-decoder-webm-vp8: 9c59270c3fd7afecdb556c50c9e8de78 -> 
  custom:SearchIndexIgnoredProperties: e643bd26f0fe6173181afceb89e7c659 -> 
  custom:scripting/monoscript/fileName/EnemyBulletScript.cs: e7d80cb660805e36ee5a5f1e215edd4c -> e71ca06aed91363c19a7206f3db18599
  custom:audio-encoder-webm-vorbis: bf7c407c2cedff20999df2af8eb42d56 -> 
  custom:scripting/monoscript/fileName/swapEffect.cs: 0cc00060eb9fe855442098e55f47f51b -> 092546921d3567d2283bb63bbd74fda0
  custom:scripting/monoscript/fileName/EnemyManager.cs: b50740975fb3f50950e34a86a690c641 -> a5f2ce24d5a536281782526914f0e68f
  custom:scripting/monoscript/fileName/PlayerInventory.cs: 6a16196cffadf640070b73a126363a7b -> c5c7e2c06a5c2135f68eaadb62be68ca
  custom:scripting/monoscript/fileName/GroundCheck.cs: 104059698e3938b710e73a1ada3cf7f2 -> aada75943ddc5f9ec791997fb4db8e41
  custom:AudioImporter_EditorPlatform: d09bf68614088b80899f8185d706f6e7 -> 
  custom:scripting/monoscript/fileName/cameraFollow.cs: a3fe78019876429fcb14da267bffd902 -> d894ceed6075e22d3236a105a1c23932
  custom:audio-decoder-ogg-vorbis: bf7c407c2cedff20999df2af8eb42d56 -> 
  custom:scripting/monoscript/fileName/explosionEffect.cs: cd6f70cba070dfaf492cd981f8e5106d -> f7a2b1128d205f6881db76924b370bc7
  custom:video-encoder-webm-vp8: eb34c28f22e8b96e1ab97ce403110664 -> 
  custom:container-demuxer-ogg: 62fdf1f143b41e24485cea50d1cbac27 -> 
  custom:framework-win-MediaFoundation: 216162199b28c13a410421893ffa2e32 -> 
  custom:video-decoder-ogg-theora: a1e56fd34408186e4bbccfd4996cb3dc -> 
  custom:scripting/monoscript/fileName/Enemy_Shooting.cs: 481c6b4472e7963c51b9ff2968d9f6ea -> 1a20005d700cc7c18dc46972e59e8a2f
  custom:scripting/monoscript/fileName/PlayerAttackRadius.cs: 3c18793bbc046bb9e08e8760d79e10a8 -> 7d876089e18024672b620eaaf4a80dff
  custom:scripting/monoscript/fileName/enemyAgroZone.cs: 09aba223f5c5bb4d1d0468e9c70a1673 -> 6c97f386582314f236da33516b1efab9
  custom:container-muxer-webm: aa71ff27fc2769a1b78a27578f13a17b -> 
  custom:CustomObjectIndexerAttribute: 756ad292c208cfabdd7b50bc23989ffe -> 
  custom:container-demuxer-webm: 4f35f7cbe854078d1ac9338744f61a02 -> 
  custom:scripting/monoscript/fileName/CloudFollow.cs: 29792e68137c88b435b3365627368bc6 -> 60e200cdf9afe623b4fef037eb963996
  custom:scripting/monoscript/fileName/playerControls.cs: 60a921168e1f017f5a720f9acb18cd12 -> f38d6680a9972768abba5f059d08cf02
========================================================================
Received Import Request.
  Time since last request: 64.904336 seconds.
  path: Assets/PlayerSmall.prefab
  artifactKey: Guid(7cff3a68d8f63ec4ca50314f3a56c762) Importer(815301076,1909f56bfc062723c751e8b465ee728b)
Start importing Assets/PlayerSmall.prefab using Guid(7cff3a68d8f63ec4ca50314f3a56c762) Importer(815301076,1909f56bfc062723c751e8b465ee728b)  -> (artifact id: '135bdd1d2e40c673a6208d6d0989e138') in 0.093195 seconds
Internal: There are remaining Allocations on the JobTempAlloc. This is a leak, and will impact performance
To Debug, run app with -diag-job-temp-memory-leak-validation cmd line argument. This will output the callstacks of the leaked allocations.
Number of updated asset objects reloaded before import = 0
Number of asset objects unloaded after import = 45
========================================================================
Received Import Request.
  Time since last request: 0.000023 seconds.
  path: Assets/PlayerNormal.prefab
  artifactKey: Guid(666e7b60bac03524192b22a966d4f183) Importer(815301076,1909f56bfc062723c751e8b465ee728b)
Start importing Assets/PlayerNormal.prefab using Guid(666e7b60bac03524192b22a966d4f183) Importer(815301076,1909f56bfc062723c751e8b465ee728b)  -> (artifact id: '475234bb0bddcedebfebec4bedc7a41a') in 0.019685 seconds
Internal: There are remaining Allocations on the JobTempAlloc. This is a leak, and will impact performance
To Debug, run app with -diag-job-temp-memory-leak-validation cmd line argument. This will output the callstacks of the leaked allocations.
Number of updated asset objects reloaded before import = 0
Number of asset objects unloaded after import = 81
========================================================================
Received Prepare
Begin MonoManager ReloadAssembly
C:\build\output\Unity-Technologies\mono\mono\metadata\icall.c:1842:
C:\build\output\Unity-Technologies\mono\mono\metadata\icall.c:1842:
C:\build\output\Unity-Technologies\mono\mono\metadata\icall.c:1842:
C:\build\output\Unity-Technologies\mono\mono\metadata\icall.c:1842:
C:\build\output\Unity-Technologies\mono\mono\metadata\icall.c:1842:
C:\build\output\Unity-Technologies\mono\mono\metadata\icall.c:1842:
C:\build\output\Unity-Technologies\mono\mono\metadata\icall.c:1842:
C:\build\output\Unity-Technologies\mono\mono\metadata\icall.c:1842:
C:\build\output\Unity-Technologies\mono\mono\metadata\icall.c:1842:
C:\build\output\Unity-Technologies\mono\mono\metadata\icall.c:1842:
C:\build\output\Unity-Technologies\mono\mono\metadata\icall.c:1842:
C:\build\output\Unity-Technologies\mono\mono\metadata\icall.c:1842:
Symbol file LoadedFromMemory doesn't match image C:\Users\Luke\OneDrive\Documents\GitHub\Team-11-fixed\Library\PackageCache\com.unity.visualscripting@1.8.0\Editor\VisualScripting.Core\Dependencies\YamlDotNet\Unity.VisualScripting.YamlDotNet.dll
Symbol file LoadedFromMemory doesn't match image C:\Users\Luke\OneDrive\Documents\GitHub\Team-11-fixed\Library\PackageCache\com.unity.visualscripting@1.8.0\Editor\VisualScripting.Core\Dependencies\DotNetZip\Unity.VisualScripting.IonicZip.dll
- Loaded All Assemblies, in  0.912 seconds
Refreshing native plugins compatible for Editor in 6.59 ms, found 4 plugins.
Native extension for WindowsStandalone target not found
Mono: successfully reloaded assembly
- Finished resetting the current domain, in  1.464 seconds
Domain Reload Profiling: 2371ms
	BeginReloadAssembly (211ms)
		ExecutionOrderSort (0ms)
		DisableScriptedObjects (13ms)
		BackupInstance (0ms)
		ReleaseScriptingObjects (0ms)
		CreateAndSetChildDomain (50ms)
	RebuildCommonClasses (56ms)
	RebuildNativeTypeToScriptingClass (14ms)
	initialDomainReloadingComplete (29ms)
	LoadAllAssembliesAndSetupDomain (597ms)
		LoadAssemblies (350ms)
		RebuildTransferFunctionScriptingTraits (0ms)
		AnalyzeDomain (346ms)
			TypeCache.Refresh (336ms)
				TypeCache.ScanAssembly (324ms)
			ScanForSourceGeneratedMonoScriptInfo (0ms)
			ResolveRequiredComponents (9ms)
	FinalizeReload (1465ms)
		ReleaseScriptCaches (0ms)
		RebuildScriptCaches (0ms)
		SetupLoadedEditorAssemblies (649ms)
			LogAssemblyErrors (0ms)
			InitializePlatformSupportModulesInManaged (8ms)
			SetLoadedEditorAssemblies (4ms)
			BeforeProcessingInitializeOnLoad (124ms)
			ProcessInitializeOnLoadAttributes (465ms)
			ProcessInitializeOnLoadMethodAttributes (39ms)
			AfterProcessingInitializeOnLoad (9ms)
			EditorAssembliesLoaded (0ms)
		ExecutionOrderSort2 (0ms)
		AwakeInstancesAfterBackupRestoration (10ms)
Refreshing native plugins compatible for Editor in 6.72 ms, found 4 plugins.
Preloading 0 native plugins for Editor in 0.00 ms.
Unloading 4823 Unused Serialized files (Serialized files now loaded: 0)
Unloading 40 unused Assets / (93.5 KB). Loaded Objects now: 5508.
Memory consumption went from 158.6 MB to 158.5 MB.
Total: 5.468800 ms (FindLiveObjects: 0.371900 ms CreateObjectMapping: 0.550100 ms MarkObjects: 4.441700 ms  DeleteObjects: 0.104400 ms)

Prepare: number of updated asset objects reloaded= 0
AssetImportParameters requested are different than current active one (requested -> active):
  custom:scripting/monoscript/fileName/itemValue.cs: f69a7127b11a9b8b566deb4c834b3490 -> 76b03e834c3cc809239a75160e59ab39
  custom:scripting/monoscript/fileName/playerManager.cs: 84ef0c7614d528361310460d29c55d5d -> fa278fc629bee650391d87d1007e9d4f
  custom:scripting/monoscript/fileName/ItemHealth.cs: f197683c3140ac4987fc76906bf005e2 -> 6e83ce6a523189f6f5fb460bfec9c34c
  custom:video-decoder-webm-vp8: 9c59270c3fd7afecdb556c50c9e8de78 -> 
  custom:SearchIndexIgnoredProperties: e643bd26f0fe6173181afceb89e7c659 -> 
  custom:scripting/monoscript/fileName/EnemyBulletScript.cs: e7d80cb660805e36ee5a5f1e215edd4c -> e71ca06aed91363c19a7206f3db18599
  custom:audio-encoder-webm-vorbis: bf7c407c2cedff20999df2af8eb42d56 -> 
  custom:scripting/monoscript/fileName/swapEffect.cs: 0cc00060eb9fe855442098e55f47f51b -> 092546921d3567d2283bb63bbd74fda0
  custom:scripting/monoscript/fileName/EnemyManager.cs: b50740975fb3f50950e34a86a690c641 -> a5f2ce24d5a536281782526914f0e68f
  custom:scripting/monoscript/fileName/PlayerInventory.cs: 6a16196cffadf640070b73a126363a7b -> c5c7e2c06a5c2135f68eaadb62be68ca
  custom:scripting/monoscript/fileName/GroundCheck.cs: 104059698e3938b710e73a1ada3cf7f2 -> aada75943ddc5f9ec791997fb4db8e41
  custom:AudioImporter_EditorPlatform: d09bf68614088b80899f8185d706f6e7 -> 
  custom:scripting/monoscript/fileName/cameraFollow.cs: a3fe78019876429fcb14da267bffd902 -> d894ceed6075e22d3236a105a1c23932
  custom:audio-decoder-ogg-vorbis: bf7c407c2cedff20999df2af8eb42d56 -> 
  custom:scripting/monoscript/fileName/explosionEffect.cs: cd6f70cba070dfaf492cd981f8e5106d -> f7a2b1128d205f6881db76924b370bc7
  custom:video-encoder-webm-vp8: eb34c28f22e8b96e1ab97ce403110664 -> 
  custom:container-demuxer-ogg: 62fdf1f143b41e24485cea50d1cbac27 -> 
  custom:framework-win-MediaFoundation: 216162199b28c13a410421893ffa2e32 -> 
  custom:video-decoder-ogg-theora: a1e56fd34408186e4bbccfd4996cb3dc -> 
  custom:scripting/monoscript/fileName/Enemy_Shooting.cs: 481c6b4472e7963c51b9ff2968d9f6ea -> 1a20005d700cc7c18dc46972e59e8a2f
  custom:scripting/monoscript/fileName/PlayerAttackRadius.cs: 3c18793bbc046bb9e08e8760d79e10a8 -> 7d876089e18024672b620eaaf4a80dff
  custom:scripting/monoscript/fileName/enemyAgroZone.cs: 09aba223f5c5bb4d1d0468e9c70a1673 -> 6c97f386582314f236da33516b1efab9
  custom:container-muxer-webm: aa71ff27fc2769a1b78a27578f13a17b -> 
  custom:CustomObjectIndexerAttribute: 756ad292c208cfabdd7b50bc23989ffe -> 
  custom:container-demuxer-webm: 4f35f7cbe854078d1ac9338744f61a02 -> 
  custom:scripting/monoscript/fileName/CloudFollow.cs: 29792e68137c88b435b3365627368bc6 -> 60e200cdf9afe623b4fef037eb963996
  custom:scripting/monoscript/fileName/playerControls.cs: 60a921168e1f017f5a720f9acb18cd12 -> f38d6680a9972768abba5f059d08cf02
========================================================================
Received Prepare
Begin MonoManager ReloadAssembly
C:\build\output\Unity-Technologies\mono\mono\metadata\icall.c:1842:
C:\build\output\Unity-Technologies\mono\mono\metadata\icall.c:1842:
C:\build\output\Unity-Technologies\mono\mono\metadata\icall.c:1842:
C:\build\output\Unity-Technologies\mono\mono\metadata\icall.c:1842:
C:\build\output\Unity-Technologies\mono\mono\metadata\icall.c:1842:
C:\build\output\Unity-Technologies\mono\mono\metadata\icall.c:1842:
C:\build\output\Unity-Technologies\mono\mono\metadata\icall.c:1842:
C:\build\output\Unity-Technologies\mono\mono\metadata\icall.c:1842:
C:\build\output\Unity-Technologies\mono\mono\metadata\icall.c:1842:
C:\build\output\Unity-Technologies\mono\mono\metadata\icall.c:1842:
C:\build\output\Unity-Technologies\mono\mono\metadata\icall.c:1842:
C:\build\output\Unity-Technologies\mono\mono\metadata\icall.c:1842:
Symbol file LoadedFromMemory doesn't match image C:\Users\Luke\OneDrive\Documents\GitHub\Team-11-fixed\Library\PackageCache\com.unity.visualscripting@1.8.0\Editor\VisualScripting.Core\Dependencies\YamlDotNet\Unity.VisualScripting.YamlDotNet.dll
Symbol file LoadedFromMemory doesn't match image C:\Users\Luke\OneDrive\Documents\GitHub\Team-11-fixed\Library\PackageCache\com.unity.visualscripting@1.8.0\Editor\VisualScripting.Core\Dependencies\DotNetZip\Unity.VisualScripting.IonicZip.dll
- Loaded All Assemblies, in  0.891 seconds
Refreshing native plugins compatible for Editor in 5.16 ms, found 4 plugins.
Native extension for WindowsStandalone target not found
Mono: successfully reloaded assembly
- Finished resetting the current domain, in  1.157 seconds
Domain Reload Profiling: 2041ms
	BeginReloadAssembly (214ms)
		ExecutionOrderSort (0ms)
		DisableScriptedObjects (15ms)
		BackupInstance (0ms)
		ReleaseScriptingObjects (0ms)
		CreateAndSetChildDomain (50ms)
	RebuildCommonClasses (45ms)
	RebuildNativeTypeToScriptingClass (15ms)
	initialDomainReloadingComplete (34ms)
	LoadAllAssembliesAndSetupDomain (575ms)
		LoadAssemblies (369ms)
		RebuildTransferFunctionScriptingTraits (0ms)
		AnalyzeDomain (309ms)
			TypeCache.Refresh (298ms)
				TypeCache.ScanAssembly (288ms)
			ScanForSourceGeneratedMonoScriptInfo (5ms)
			ResolveRequiredComponents (6ms)
	FinalizeReload (1158ms)
		ReleaseScriptCaches (0ms)
		RebuildScriptCaches (0ms)
		SetupLoadedEditorAssemblies (506ms)
			LogAssemblyErrors (0ms)
			InitializePlatformSupportModulesInManaged (6ms)
			SetLoadedEditorAssemblies (3ms)
			BeforeProcessingInitializeOnLoad (103ms)
			ProcessInitializeOnLoadAttributes (356ms)
			ProcessInitializeOnLoadMethodAttributes (31ms)
			AfterProcessingInitializeOnLoad (7ms)
			EditorAssembliesLoaded (0ms)
		ExecutionOrderSort2 (0ms)
		AwakeInstancesAfterBackupRestoration (7ms)
Refreshing native plugins compatible for Editor in 4.69 ms, found 4 plugins.
Preloading 0 native plugins for Editor in 0.00 ms.
Unloading 4824 Unused Serialized files (Serialized files now loaded: 0)
Unloading 38 unused Assets / (92.7 KB). Loaded Objects now: 5523.
Memory consumption went from 158.8 MB to 158.7 MB.
Total: 5.022200 ms (FindLiveObjects: 0.381700 ms CreateObjectMapping: 0.696900 ms MarkObjects: 3.870600 ms  DeleteObjects: 0.072000 ms)

Prepare: number of updated asset objects reloaded= 0
AssetImportParameters requested are different than current active one (requested -> active):
  custom:scripting/monoscript/fileName/itemValue.cs: f69a7127b11a9b8b566deb4c834b3490 -> 76b03e834c3cc809239a75160e59ab39
  custom:scripting/monoscript/fileName/playerManager.cs: 84ef0c7614d528361310460d29c55d5d -> fa278fc629bee650391d87d1007e9d4f
  custom:scripting/monoscript/fileName/ItemHealth.cs: f197683c3140ac4987fc76906bf005e2 -> 6e83ce6a523189f6f5fb460bfec9c34c
  custom:video-decoder-webm-vp8: 9c59270c3fd7afecdb556c50c9e8de78 -> 
  custom:SearchIndexIgnoredProperties: e643bd26f0fe6173181afceb89e7c659 -> 
  custom:scripting/monoscript/fileName/EnemyBulletScript.cs: e7d80cb660805e36ee5a5f1e215edd4c -> e71ca06aed91363c19a7206f3db18599
  custom:audio-encoder-webm-vorbis: bf7c407c2cedff20999df2af8eb42d56 -> 
  custom:scripting/monoscript/fileName/swapEffect.cs: 0cc00060eb9fe855442098e55f47f51b -> 092546921d3567d2283bb63bbd74fda0
  custom:scripting/monoscript/fileName/EnemyManager.cs: b50740975fb3f50950e34a86a690c641 -> a5f2ce24d5a536281782526914f0e68f
  custom:scripting/monoscript/fileName/PlayerInventory.cs: 6a16196cffadf640070b73a126363a7b -> c5c7e2c06a5c2135f68eaadb62be68ca
  custom:scripting/monoscript/fileName/GroundCheck.cs: 104059698e3938b710e73a1ada3cf7f2 -> aada75943ddc5f9ec791997fb4db8e41
  custom:AudioImporter_EditorPlatform: d09bf68614088b80899f8185d706f6e7 -> 
  custom:scripting/monoscript/fileName/cameraFollow.cs: a3fe78019876429fcb14da267bffd902 -> d894ceed6075e22d3236a105a1c23932
  custom:audio-decoder-ogg-vorbis: bf7c407c2cedff20999df2af8eb42d56 -> 
  custom:scripting/monoscript/fileName/explosionEffect.cs: cd6f70cba070dfaf492cd981f8e5106d -> f7a2b1128d205f6881db76924b370bc7
  custom:video-encoder-webm-vp8: eb34c28f22e8b96e1ab97ce403110664 -> 
  custom:container-demuxer-ogg: 62fdf1f143b41e24485cea50d1cbac27 -> 
  custom:framework-win-MediaFoundation: 216162199b28c13a410421893ffa2e32 -> 
  custom:video-decoder-ogg-theora: a1e56fd34408186e4bbccfd4996cb3dc -> 
  custom:scripting/monoscript/fileName/Enemy_Shooting.cs: 481c6b4472e7963c51b9ff2968d9f6ea -> 1a20005d700cc7c18dc46972e59e8a2f
  custom:scripting/monoscript/fileName/PlayerAttackRadius.cs: 3c18793bbc046bb9e08e8760d79e10a8 -> 7d876089e18024672b620eaaf4a80dff
  custom:scripting/monoscript/fileName/enemyAgroZone.cs: 09aba223f5c5bb4d1d0468e9c70a1673 -> 6c97f386582314f236da33516b1efab9
  custom:container-muxer-webm: aa71ff27fc2769a1b78a27578f13a17b -> 
  custom:CustomObjectIndexerAttribute: 756ad292c208cfabdd7b50bc23989ffe -> 
  custom:container-demuxer-webm: 4f35f7cbe854078d1ac9338744f61a02 -> 
  custom:scripting/monoscript/fileName/CloudFollow.cs: 29792e68137c88b435b3365627368bc6 -> 60e200cdf9afe623b4fef037eb963996
  custom:scripting/monoscript/fileName/playerControls.cs: 60a921168e1f017f5a720f9acb18cd12 -> f38d6680a9972768abba5f059d08cf02
========================================================================
Received Prepare
Begin MonoManager ReloadAssembly
C:\build\output\Unity-Technologies\mono\mono\metadata\icall.c:1842:
C:\build\output\Unity-Technologies\mono\mono\metadata\icall.c:1842:
C:\build\output\Unity-Technologies\mono\mono\metadata\icall.c:1842:
C:\build\output\Unity-Technologies\mono\mono\metadata\icall.c:1842:
C:\build\output\Unity-Technologies\mono\mono\metadata\icall.c:1842:
C:\build\output\Unity-Technologies\mono\mono\metadata\icall.c:1842:
C:\build\output\Unity-Technologies\mono\mono\metadata\icall.c:1842:
C:\build\output\Unity-Technologies\mono\mono\metadata\icall.c:1842:
C:\build\output\Unity-Technologies\mono\mono\metadata\icall.c:1842:
C:\build\output\Unity-Technologies\mono\mono\metadata\icall.c:1842:
C:\build\output\Unity-Technologies\mono\mono\metadata\icall.c:1842:
C:\build\output\Unity-Technologies\mono\mono\metadata\icall.c:1842:
Symbol file LoadedFromMemory doesn't match image C:\Users\Luke\OneDrive\Documents\GitHub\Team-11-fixed\Library\PackageCache\com.unity.visualscripting@1.8.0\Editor\VisualScripting.Core\Dependencies\YamlDotNet\Unity.VisualScripting.YamlDotNet.dll
Symbol file LoadedFromMemory doesn't match image C:\Users\Luke\OneDrive\Documents\GitHub\Team-11-fixed\Library\PackageCache\com.unity.visualscripting@1.8.0\Editor\VisualScripting.Core\Dependencies\DotNetZip\Unity.VisualScripting.IonicZip.dll
- Loaded All Assemblies, in  0.903 seconds
Refreshing native plugins compatible for Editor in 4.90 ms, found 4 plugins.
Native extension for WindowsStandalone target not found
Mono: successfully reloaded assembly
- Finished resetting the current domain, in  1.244 seconds
Domain Reload Profiling: 2140ms
	BeginReloadAssembly (203ms)
		ExecutionOrderSort (0ms)
		DisableScriptedObjects (13ms)
		BackupInstance (0ms)
		ReleaseScriptingObjects (0ms)
		CreateAndSetChildDomain (45ms)
	RebuildCommonClasses (43ms)
	RebuildNativeTypeToScriptingClass (13ms)
	initialDomainReloadingComplete (28ms)
	LoadAllAssembliesAndSetupDomain (607ms)
		LoadAssemblies (376ms)
		RebuildTransferFunctionScriptingTraits (0ms)
		AnalyzeDomain (329ms)
			TypeCache.Refresh (318ms)
				TypeCache.ScanAssembly (298ms)
			ScanForSourceGeneratedMonoScriptInfo (5ms)
			ResolveRequiredComponents (6ms)
	FinalizeReload (1244ms)
		ReleaseScriptCaches (0ms)
		RebuildScriptCaches (0ms)
		SetupLoadedEditorAssemblies (573ms)
			LogAssemblyErrors (0ms)
			InitializePlatformSupportModulesInManaged (8ms)
			SetLoadedEditorAssemblies (3ms)
			BeforeProcessingInitializeOnLoad (122ms)
			ProcessInitializeOnLoadAttributes (400ms)
			ProcessInitializeOnLoadMethodAttributes (33ms)
			AfterProcessingInitializeOnLoad (7ms)
			EditorAssembliesLoaded (0ms)
		ExecutionOrderSort2 (0ms)
		AwakeInstancesAfterBackupRestoration (7ms)
Refreshing native plugins compatible for Editor in 5.41 ms, found 4 plugins.
Preloading 0 native plugins for Editor in 0.00 ms.
Unloading 4824 Unused Serialized files (Serialized files now loaded: 0)
Unloading 38 unused Assets / (92.6 KB). Loaded Objects now: 5538.
Memory consumption went from 158.8 MB to 158.7 MB.
Total: 5.068600 ms (FindLiveObjects: 0.434500 ms CreateObjectMapping: 0.546900 ms MarkObjects: 4.007100 ms  DeleteObjects: 0.079000 ms)

Prepare: number of updated asset objects reloaded= 0
AssetImportParameters requested are different than current active one (requested -> active):
  custom:scripting/monoscript/fileName/itemValue.cs: f69a7127b11a9b8b566deb4c834b3490 -> 76b03e834c3cc809239a75160e59ab39
  custom:scripting/monoscript/fileName/playerManager.cs: 84ef0c7614d528361310460d29c55d5d -> fa278fc629bee650391d87d1007e9d4f
  custom:scripting/monoscript/fileName/ItemHealth.cs: f197683c3140ac4987fc76906bf005e2 -> 6e83ce6a523189f6f5fb460bfec9c34c
  custom:video-decoder-webm-vp8: 9c59270c3fd7afecdb556c50c9e8de78 -> 
  custom:SearchIndexIgnoredProperties: e643bd26f0fe6173181afceb89e7c659 -> 
  custom:scripting/monoscript/fileName/EnemyBulletScript.cs: e7d80cb660805e36ee5a5f1e215edd4c -> e71ca06aed91363c19a7206f3db18599
  custom:audio-encoder-webm-vorbis: bf7c407c2cedff20999df2af8eb42d56 -> 
  custom:scripting/monoscript/fileName/swapEffect.cs: 0cc00060eb9fe855442098e55f47f51b -> 092546921d3567d2283bb63bbd74fda0
  custom:scripting/monoscript/fileName/EnemyManager.cs: b50740975fb3f50950e34a86a690c641 -> a5f2ce24d5a536281782526914f0e68f
  custom:scripting/monoscript/fileName/PlayerInventory.cs: 6a16196cffadf640070b73a126363a7b -> c5c7e2c06a5c2135f68eaadb62be68ca
  custom:scripting/monoscript/fileName/GroundCheck.cs: 104059698e3938b710e73a1ada3cf7f2 -> aada75943ddc5f9ec791997fb4db8e41
  custom:AudioImporter_EditorPlatform: d09bf68614088b80899f8185d706f6e7 -> 
  custom:scripting/monoscript/fileName/cameraFollow.cs: a3fe78019876429fcb14da267bffd902 -> d894ceed6075e22d3236a105a1c23932
  custom:audio-decoder-ogg-vorbis: bf7c407c2cedff20999df2af8eb42d56 -> 
  custom:scripting/monoscript/fileName/explosionEffect.cs: cd6f70cba070dfaf492cd981f8e5106d -> f7a2b1128d205f6881db76924b370bc7
  custom:video-encoder-webm-vp8: eb34c28f22e8b96e1ab97ce403110664 -> 
  custom:container-demuxer-ogg: 62fdf1f143b41e24485cea50d1cbac27 -> 
  custom:framework-win-MediaFoundation: 216162199b28c13a410421893ffa2e32 -> 
  custom:video-decoder-ogg-theora: a1e56fd34408186e4bbccfd4996cb3dc -> 
  custom:scripting/monoscript/fileName/Enemy_Shooting.cs: 481c6b4472e7963c51b9ff2968d9f6ea -> 1a20005d700cc7c18dc46972e59e8a2f
  custom:scripting/monoscript/fileName/PlayerAttackRadius.cs: 3c18793bbc046bb9e08e8760d79e10a8 -> 7d876089e18024672b620eaaf4a80dff
  custom:scripting/monoscript/fileName/enemyAgroZone.cs: 09aba223f5c5bb4d1d0468e9c70a1673 -> 6c97f386582314f236da33516b1efab9
  custom:container-muxer-webm: aa71ff27fc2769a1b78a27578f13a17b -> 
  custom:CustomObjectIndexerAttribute: 756ad292c208cfabdd7b50bc23989ffe -> 
  custom:container-demuxer-webm: 4f35f7cbe854078d1ac9338744f61a02 -> 
  custom:scripting/monoscript/fileName/CloudFollow.cs: 29792e68137c88b435b3365627368bc6 -> 60e200cdf9afe623b4fef037eb963996
  custom:scripting/monoscript/fileName/playerControls.cs: 60a921168e1f017f5a720f9acb18cd12 -> f38d6680a9972768abba5f059d08cf02
========================================================================
Received Import Request.
  Time since last request: 316.035162 seconds.
  path: Assets/PlayerSmall.prefab
  artifactKey: Guid(7cff3a68d8f63ec4ca50314f3a56c762) Importer(815301076,1909f56bfc062723c751e8b465ee728b)
Start importing Assets/PlayerSmall.prefab using Guid(7cff3a68d8f63ec4ca50314f3a56c762) Importer(815301076,1909f56bfc062723c751e8b465ee728b)  -> (artifact id: '2da7b6be43b46d317f467e7774581600') in 0.090866 seconds
Internal: There are remaining Allocations on the JobTempAlloc. This is a leak, and will impact performance
To Debug, run app with -diag-job-temp-memory-leak-validation cmd line argument. This will output the callstacks of the leaked allocations.
Number of updated asset objects reloaded before import = 0
Number of asset objects unloaded after import = 45
========================================================================
Received Import Request.
  Time since last request: 0.000028 seconds.
  path: Assets/PlayerNormal.prefab
  artifactKey: Guid(666e7b60bac03524192b22a966d4f183) Importer(815301076,1909f56bfc062723c751e8b465ee728b)
Start importing Assets/PlayerNormal.prefab using Guid(666e7b60bac03524192b22a966d4f183) Importer(815301076,1909f56bfc062723c751e8b465ee728b)  -> (artifact id: '348dbd0c79a86494396b45cdb444e156') in 0.019092 seconds
Internal: There are remaining Allocations on the JobTempAlloc. This is a leak, and will impact performance
To Debug, run app with -diag-job-temp-memory-leak-validation cmd line argument. This will output the callstacks of the leaked allocations.
Number of updated asset objects reloaded before import = 0
Number of asset objects unloaded after import = 81
========================================================================
Received Import Request.
  Time since last request: 93.988931 seconds.
  path: Assets/PlayerNormal.prefab
  artifactKey: Guid(666e7b60bac03524192b22a966d4f183) Importer(815301076,1909f56bfc062723c751e8b465ee728b)
Start importing Assets/PlayerNormal.prefab using Guid(666e7b60bac03524192b22a966d4f183) Importer(815301076,1909f56bfc062723c751e8b465ee728b)  -> (artifact id: '69bf581f20a4c6633651b595780deade') in 0.059117 seconds
Internal: There are remaining Allocations on the JobTempAlloc. This is a leak, and will impact performance
To Debug, run app with -diag-job-temp-memory-leak-validation cmd line argument. This will output the callstacks of the leaked allocations.
Number of updated asset objects reloaded before import = 0
Number of asset objects unloaded after import = 80
========================================================================
Received Prepare
Begin MonoManager ReloadAssembly
C:\build\output\Unity-Technologies\mono\mono\metadata\icall.c:1842:
C:\build\output\Unity-Technologies\mono\mono\metadata\icall.c:1842:
C:\build\output\Unity-Technologies\mono\mono\metadata\icall.c:1842:
C:\build\output\Unity-Technologies\mono\mono\metadata\icall.c:1842:
C:\build\output\Unity-Technologies\mono\mono\metadata\icall.c:1842:
C:\build\output\Unity-Technologies\mono\mono\metadata\icall.c:1842:
C:\build\output\Unity-Technologies\mono\mono\metadata\icall.c:1842:
C:\build\output\Unity-Technologies\mono\mono\metadata\icall.c:1842:
C:\build\output\Unity-Technologies\mono\mono\metadata\icall.c:1842:
C:\build\output\Unity-Technologies\mono\mono\metadata\icall.c:1842:
C:\build\output\Unity-Technologies\mono\mono\metadata\icall.c:1842:
C:\build\output\Unity-Technologies\mono\mono\metadata\icall.c:1842:
Symbol file LoadedFromMemory doesn't match image C:\Users\Luke\OneDrive\Documents\GitHub\Team-11-fixed\Library\PackageCache\com.unity.visualscripting@1.8.0\Editor\VisualScripting.Core\Dependencies\YamlDotNet\Unity.VisualScripting.YamlDotNet.dll
Symbol file LoadedFromMemory doesn't match image C:\Users\Luke\OneDrive\Documents\GitHub\Team-11-fixed\Library\PackageCache\com.unity.visualscripting@1.8.0\Editor\VisualScripting.Core\Dependencies\DotNetZip\Unity.VisualScripting.IonicZip.dll
- Loaded All Assemblies, in  0.905 seconds
Refreshing native plugins compatible for Editor in 5.14 ms, found 4 plugins.
Native extension for WindowsStandalone target not found
Mono: successfully reloaded assembly
- Finished resetting the current domain, in  1.161 seconds
Domain Reload Profiling: 2060ms
	BeginReloadAssembly (207ms)
		ExecutionOrderSort (0ms)
		DisableScriptedObjects (14ms)
		BackupInstance (0ms)
		ReleaseScriptingObjects (0ms)
		CreateAndSetChildDomain (49ms)
	RebuildCommonClasses (39ms)
	RebuildNativeTypeToScriptingClass (18ms)
	initialDomainReloadingComplete (28ms)
	LoadAllAssembliesAndSetupDomain (607ms)
		LoadAssemblies (354ms)
		RebuildTransferFunctionScriptingTraits (0ms)
		AnalyzeDomain (347ms)
			TypeCache.Refresh (335ms)
				TypeCache.ScanAssembly (323ms)
			ScanForSourceGeneratedMonoScriptInfo (0ms)
			ResolveRequiredComponents (11ms)
	FinalizeReload (1162ms)
		ReleaseScriptCaches (0ms)
		RebuildScriptCaches (0ms)
		SetupLoadedEditorAssemblies (501ms)
			LogAssemblyErrors (0ms)
			InitializePlatformSupportModulesInManaged (6ms)
			SetLoadedEditorAssemblies (3ms)
			BeforeProcessingInitializeOnLoad (102ms)
			ProcessInitializeOnLoadAttributes (354ms)
			ProcessInitializeOnLoadMethodAttributes (28ms)
			AfterProcessingInitializeOnLoad (7ms)
			EditorAssembliesLoaded (0ms)
		ExecutionOrderSort2 (0ms)
		AwakeInstancesAfterBackupRestoration (7ms)
Refreshing native plugins compatible for Editor in 4.66 ms, found 4 plugins.
Preloading 0 native plugins for Editor in 0.00 ms.
Unloading 4823 Unused Serialized files (Serialized files now loaded: 0)
Unloading 40 unused Assets / (93.5 KB). Loaded Objects now: 5553.
Memory consumption went from 158.6 MB to 158.5 MB.
Total: 4.715100 ms (FindLiveObjects: 0.391400 ms CreateObjectMapping: 0.494300 ms MarkObjects: 3.727400 ms  DeleteObjects: 0.101300 ms)

Prepare: number of updated asset objects reloaded= 0
AssetImportParameters requested are different than current active one (requested -> active):
  custom:scripting/monoscript/fileName/itemValue.cs: f69a7127b11a9b8b566deb4c834b3490 -> 76b03e834c3cc809239a75160e59ab39
  custom:scripting/monoscript/fileName/playerManager.cs: 84ef0c7614d528361310460d29c55d5d -> fa278fc629bee650391d87d1007e9d4f
  custom:scripting/monoscript/fileName/ItemHealth.cs: f197683c3140ac4987fc76906bf005e2 -> 6e83ce6a523189f6f5fb460bfec9c34c
  custom:video-decoder-webm-vp8: 9c59270c3fd7afecdb556c50c9e8de78 -> 
  custom:SearchIndexIgnoredProperties: e643bd26f0fe6173181afceb89e7c659 -> 
  custom:scripting/monoscript/fileName/EnemyBulletScript.cs: e7d80cb660805e36ee5a5f1e215edd4c -> e71ca06aed91363c19a7206f3db18599
  custom:audio-encoder-webm-vorbis: bf7c407c2cedff20999df2af8eb42d56 -> 
  custom:scripting/monoscript/fileName/swapEffect.cs: 0cc00060eb9fe855442098e55f47f51b -> 092546921d3567d2283bb63bbd74fda0
  custom:scripting/monoscript/fileName/EnemyManager.cs: b50740975fb3f50950e34a86a690c641 -> a5f2ce24d5a536281782526914f0e68f
  custom:scripting/monoscript/fileName/PlayerInventory.cs: 6a16196cffadf640070b73a126363a7b -> c5c7e2c06a5c2135f68eaadb62be68ca
  custom:scripting/monoscript/fileName/GroundCheck.cs: 104059698e3938b710e73a1ada3cf7f2 -> aada75943ddc5f9ec791997fb4db8e41
  custom:AudioImporter_EditorPlatform: d09bf68614088b80899f8185d706f6e7 -> 
  custom:scripting/monoscript/fileName/cameraFollow.cs: a3fe78019876429fcb14da267bffd902 -> d894ceed6075e22d3236a105a1c23932
  custom:audio-decoder-ogg-vorbis: bf7c407c2cedff20999df2af8eb42d56 -> 
  custom:scripting/monoscript/fileName/explosionEffect.cs: cd6f70cba070dfaf492cd981f8e5106d -> f7a2b1128d205f6881db76924b370bc7
  custom:video-encoder-webm-vp8: eb34c28f22e8b96e1ab97ce403110664 -> 
  custom:container-demuxer-ogg: 62fdf1f143b41e24485cea50d1cbac27 -> 
  custom:framework-win-MediaFoundation: 216162199b28c13a410421893ffa2e32 -> 
  custom:video-decoder-ogg-theora: a1e56fd34408186e4bbccfd4996cb3dc -> 
  custom:scripting/monoscript/fileName/Enemy_Shooting.cs: 481c6b4472e7963c51b9ff2968d9f6ea -> 1a20005d700cc7c18dc46972e59e8a2f
  custom:scripting/monoscript/fileName/PlayerAttackRadius.cs: 3c18793bbc046bb9e08e8760d79e10a8 -> 7d876089e18024672b620eaaf4a80dff
  custom:scripting/monoscript/fileName/enemyAgroZone.cs: 09aba223f5c5bb4d1d0468e9c70a1673 -> 6c97f386582314f236da33516b1efab9
  custom:container-muxer-webm: aa71ff27fc2769a1b78a27578f13a17b -> 
  custom:CustomObjectIndexerAttribute: 756ad292c208cfabdd7b50bc23989ffe -> 
  custom:container-demuxer-webm: 4f35f7cbe854078d1ac9338744f61a02 -> 
  custom:scripting/monoscript/fileName/CloudFollow.cs: 29792e68137c88b435b3365627368bc6 -> 60e200cdf9afe623b4fef037eb963996
  custom:scripting/monoscript/fileName/playerControls.cs: 60a921168e1f017f5a720f9acb18cd12 -> f38d6680a9972768abba5f059d08cf02
========================================================================
Received Import Request.
  Time since last request: 131.660637 seconds.
  path: Assets/PlayerNormal.prefab
  artifactKey: Guid(666e7b60bac03524192b22a966d4f183) Importer(815301076,1909f56bfc062723c751e8b465ee728b)
Start importing Assets/PlayerNormal.prefab using Guid(666e7b60bac03524192b22a966d4f183) Importer(815301076,1909f56bfc062723c751e8b465ee728b)  -> (artifact id: 'c3c54ecee9da1f32cc75ad74b661c537') in 0.181406 seconds
Internal: There are remaining Allocations on the JobTempAlloc. This is a leak, and will impact performance
To Debug, run app with -diag-job-temp-memory-leak-validation cmd line argument. This will output the callstacks of the leaked allocations.
Number of updated asset objects reloaded before import = 0
Number of asset objects unloaded after import = 80
========================================================================
Received Import Request.
  Time since last request: 0.000021 seconds.
  path: Assets/PlayerSmall.prefab
  artifactKey: Guid(7cff3a68d8f63ec4ca50314f3a56c762) Importer(815301076,1909f56bfc062723c751e8b465ee728b)
Start importing Assets/PlayerSmall.prefab using Guid(7cff3a68d8f63ec4ca50314f3a56c762) Importer(815301076,1909f56bfc062723c751e8b465ee728b)  -> (artifact id: '00847b20c4c6521883330fe1e1c1ebed') in 0.021728 seconds
Internal: There are remaining Allocations on the JobTempAlloc. This is a leak, and will impact performance
To Debug, run app with -diag-job-temp-memory-leak-validation cmd line argument. This will output the callstacks of the leaked allocations.
Number of updated asset objects reloaded before import = 0
Number of asset objects unloaded after import = 44
========================================================================
Received Prepare
Begin MonoManager ReloadAssembly
C:\build\output\Unity-Technologies\mono\mono\metadata\icall.c:1842:
C:\build\output\Unity-Technologies\mono\mono\metadata\icall.c:1842:
C:\build\output\Unity-Technologies\mono\mono\metadata\icall.c:1842:
C:\build\output\Unity-Technologies\mono\mono\metadata\icall.c:1842:
C:\build\output\Unity-Technologies\mono\mono\metadata\icall.c:1842:
C:\build\output\Unity-Technologies\mono\mono\metadata\icall.c:1842:
C:\build\output\Unity-Technologies\mono\mono\metadata\icall.c:1842:
C:\build\output\Unity-Technologies\mono\mono\metadata\icall.c:1842:
C:\build\output\Unity-Technologies\mono\mono\metadata\icall.c:1842:
C:\build\output\Unity-Technologies\mono\mono\metadata\icall.c:1842:
C:\build\output\Unity-Technologies\mono\mono\metadata\icall.c:1842:
C:\build\output\Unity-Technologies\mono\mono\metadata\icall.c:1842:
Symbol file LoadedFromMemory doesn't match image C:\Users\Luke\OneDrive\Documents\GitHub\Team-11-fixed\Library\PackageCache\com.unity.visualscripting@1.8.0\Editor\VisualScripting.Core\Dependencies\YamlDotNet\Unity.VisualScripting.YamlDotNet.dll
Symbol file LoadedFromMemory doesn't match image C:\Users\Luke\OneDrive\Documents\GitHub\Team-11-fixed\Library\PackageCache\com.unity.visualscripting@1.8.0\Editor\VisualScripting.Core\Dependencies\DotNetZip\Unity.VisualScripting.IonicZip.dll
- Loaded All Assemblies, in  0.881 seconds
Refreshing native plugins compatible for Editor in 5.15 ms, found 4 plugins.
Native extension for WindowsStandalone target not found
Mono: successfully reloaded assembly
- Finished resetting the current domain, in  1.248 seconds
Domain Reload Profiling: 2123ms
	BeginReloadAssembly (199ms)
		ExecutionOrderSort (0ms)
		DisableScriptedObjects (14ms)
		BackupInstance (0ms)
		ReleaseScriptingObjects (0ms)
		CreateAndSetChildDomain (46ms)
	RebuildCommonClasses (37ms)
	RebuildNativeTypeToScriptingClass (15ms)
	initialDomainReloadingComplete (28ms)
	LoadAllAssembliesAndSetupDomain (595ms)
		LoadAssemblies (347ms)
		RebuildTransferFunctionScriptingTraits (0ms)
		AnalyzeDomain (340ms)
			TypeCache.Refresh (323ms)
				TypeCache.ScanAssembly (312ms)
			ScanForSourceGeneratedMonoScriptInfo (7ms)
			ResolveRequiredComponents (9ms)
	FinalizeReload (1248ms)
		ReleaseScriptCaches (0ms)
		RebuildScriptCaches (0ms)
		SetupLoadedEditorAssemblies (552ms)
			LogAssemblyErrors (0ms)
			InitializePlatformSupportModulesInManaged (6ms)
			SetLoadedEditorAssemblies (3ms)
			BeforeProcessingInitializeOnLoad (112ms)
			ProcessInitializeOnLoadAttributes (390ms)
			ProcessInitializeOnLoadMethodAttributes (33ms)
			AfterProcessingInitializeOnLoad (7ms)
			EditorAssembliesLoaded (0ms)
		ExecutionOrderSort2 (0ms)
		AwakeInstancesAfterBackupRestoration (10ms)
Refreshing native plugins compatible for Editor in 6.05 ms, found 4 plugins.
Preloading 0 native plugins for Editor in 0.00 ms.
Unloading 4823 Unused Serialized files (Serialized files now loaded: 0)
Unloading 40 unused Assets / (93.5 KB). Loaded Objects now: 5568.
Memory consumption went from 158.7 MB to 158.6 MB.
Total: 6.348000 ms (FindLiveObjects: 0.380500 ms CreateObjectMapping: 0.461900 ms MarkObjects: 5.349900 ms  DeleteObjects: 0.154200 ms)

Prepare: number of updated asset objects reloaded= 0
AssetImportParameters requested are different than current active one (requested -> active):
  custom:scripting/monoscript/fileName/itemValue.cs: f69a7127b11a9b8b566deb4c834b3490 -> 76b03e834c3cc809239a75160e59ab39
  custom:scripting/monoscript/fileName/playerManager.cs: 84ef0c7614d528361310460d29c55d5d -> fa278fc629bee650391d87d1007e9d4f
  custom:scripting/monoscript/fileName/ItemHealth.cs: f197683c3140ac4987fc76906bf005e2 -> 6e83ce6a523189f6f5fb460bfec9c34c
  custom:video-decoder-webm-vp8: 9c59270c3fd7afecdb556c50c9e8de78 -> 
  custom:SearchIndexIgnoredProperties: e643bd26f0fe6173181afceb89e7c659 -> 
  custom:scripting/monoscript/fileName/EnemyBulletScript.cs: e7d80cb660805e36ee5a5f1e215edd4c -> e71ca06aed91363c19a7206f3db18599
  custom:audio-encoder-webm-vorbis: bf7c407c2cedff20999df2af8eb42d56 -> 
  custom:scripting/monoscript/fileName/swapEffect.cs: 0cc00060eb9fe855442098e55f47f51b -> 092546921d3567d2283bb63bbd74fda0
  custom:scripting/monoscript/fileName/EnemyManager.cs: b50740975fb3f50950e34a86a690c641 -> a5f2ce24d5a536281782526914f0e68f
  custom:scripting/monoscript/fileName/PlayerInventory.cs: 6a16196cffadf640070b73a126363a7b -> c5c7e2c06a5c2135f68eaadb62be68ca
  custom:scripting/monoscript/fileName/GroundCheck.cs: 104059698e3938b710e73a1ada3cf7f2 -> aada75943ddc5f9ec791997fb4db8e41
  custom:AudioImporter_EditorPlatform: d09bf68614088b80899f8185d706f6e7 -> 
  custom:scripting/monoscript/fileName/cameraFollow.cs: a3fe78019876429fcb14da267bffd902 -> d894ceed6075e22d3236a105a1c23932
  custom:audio-decoder-ogg-vorbis: bf7c407c2cedff20999df2af8eb42d56 -> 
  custom:scripting/monoscript/fileName/explosionEffect.cs: cd6f70cba070dfaf492cd981f8e5106d -> f7a2b1128d205f6881db76924b370bc7
  custom:video-encoder-webm-vp8: eb34c28f22e8b96e1ab97ce403110664 -> 
  custom:container-demuxer-ogg: 62fdf1f143b41e24485cea50d1cbac27 -> 
  custom:framework-win-MediaFoundation: 216162199b28c13a410421893ffa2e32 -> 
  custom:video-decoder-ogg-theora: a1e56fd34408186e4bbccfd4996cb3dc -> 
  custom:scripting/monoscript/fileName/Enemy_Shooting.cs: 481c6b4472e7963c51b9ff2968d9f6ea -> 1a20005d700cc7c18dc46972e59e8a2f
  custom:scripting/monoscript/fileName/PlayerAttackRadius.cs: 3c18793bbc046bb9e08e8760d79e10a8 -> 7d876089e18024672b620eaaf4a80dff
  custom:scripting/monoscript/fileName/enemyAgroZone.cs: 09aba223f5c5bb4d1d0468e9c70a1673 -> 6c97f386582314f236da33516b1efab9
  custom:container-muxer-webm: aa71ff27fc2769a1b78a27578f13a17b -> 
  custom:CustomObjectIndexerAttribute: 756ad292c208cfabdd7b50bc23989ffe -> 
  custom:container-demuxer-webm: 4f35f7cbe854078d1ac9338744f61a02 -> 
  custom:scripting/monoscript/fileName/CloudFollow.cs: 29792e68137c88b435b3365627368bc6 -> 60e200cdf9afe623b4fef037eb963996
  custom:scripting/monoscript/fileName/playerControls.cs: 60a921168e1f017f5a720f9acb18cd12 -> f38d6680a9972768abba5f059d08cf02
========================================================================
Received Import Request.
  Time since last request: 15.911064 seconds.
  path: Assets/PlayerSmall.prefab
  artifactKey: Guid(7cff3a68d8f63ec4ca50314f3a56c762) Importer(815301076,1909f56bfc062723c751e8b465ee728b)
Start importing Assets/PlayerSmall.prefab using Guid(7cff3a68d8f63ec4ca50314f3a56c762) Importer(815301076,1909f56bfc062723c751e8b465ee728b)  -> (artifact id: '500e54c0bfd0b0b607739fd037b80dc6') in 0.084027 seconds
Internal: There are remaining Allocations on the JobTempAlloc. This is a leak, and will impact performance
To Debug, run app with -diag-job-temp-memory-leak-validation cmd line argument. This will output the callstacks of the leaked allocations.
Number of updated asset objects reloaded before import = 0
Number of asset objects unloaded after import = 44
========================================================================
Received Import Request.
  Time since last request: 0.000021 seconds.
  path: Assets/PlayerNormal.prefab
  artifactKey: Guid(666e7b60bac03524192b22a966d4f183) Importer(815301076,1909f56bfc062723c751e8b465ee728b)
Start importing Assets/PlayerNormal.prefab using Guid(666e7b60bac03524192b22a966d4f183) Importer(815301076,1909f56bfc062723c751e8b465ee728b)  -> (artifact id: 'd67328abd0e55e46d521ea29bfda95ea') in 0.013362 seconds
Internal: There are remaining Allocations on the JobTempAlloc. This is a leak, and will impact performance
To Debug, run app with -diag-job-temp-memory-leak-validation cmd line argument. This will output the callstacks of the leaked allocations.
Number of updated asset objects reloaded before import = 0
Number of asset objects unloaded after import = 80
========================================================================
Received Import Request.
  Time since last request: 13.762101 seconds.
  path: Assets/PlayerNormal.prefab
  artifactKey: Guid(666e7b60bac03524192b22a966d4f183) Importer(815301076,1909f56bfc062723c751e8b465ee728b)
Start importing Assets/PlayerNormal.prefab using Guid(666e7b60bac03524192b22a966d4f183) Importer(815301076,1909f56bfc062723c751e8b465ee728b)  -> (artifact id: '48b6b6e2dccff02a01b8ad2944594d19') in 0.021659 seconds
Internal: There are remaining Allocations on the JobTempAlloc. This is a leak, and will impact performance
To Debug, run app with -diag-job-temp-memory-leak-validation cmd line argument. This will output the callstacks of the leaked allocations.
Number of updated asset objects reloaded before import = 0
Number of asset objects unloaded after import = 80
========================================================================
Received Import Request.
  Time since last request: 413.186874 seconds.
  path: Assets/PlayerNormal.prefab
  artifactKey: Guid(666e7b60bac03524192b22a966d4f183) Importer(815301076,1909f56bfc062723c751e8b465ee728b)
Start importing Assets/PlayerNormal.prefab using Guid(666e7b60bac03524192b22a966d4f183) Importer(815301076,1909f56bfc062723c751e8b465ee728b)  -> (artifact id: 'c747c0d82d31ba55b97f391f25213e9e') in 0.020040 seconds
Internal: There are remaining Allocations on the JobTempAlloc. This is a leak, and will impact performance
To Debug, run app with -diag-job-temp-memory-leak-validation cmd line argument. This will output the callstacks of the leaked allocations.
Number of updated asset objects reloaded before import = 0
Number of asset objects unloaded after import = 80
========================================================================
Received Prepare
Begin MonoManager ReloadAssembly
C:\build\output\Unity-Technologies\mono\mono\metadata\icall.c:1842:
C:\build\output\Unity-Technologies\mono\mono\metadata\icall.c:1842:
C:\build\output\Unity-Technologies\mono\mono\metadata\icall.c:1842:
C:\build\output\Unity-Technologies\mono\mono\metadata\icall.c:1842:
C:\build\output\Unity-Technologies\mono\mono\metadata\icall.c:1842:
C:\build\output\Unity-Technologies\mono\mono\metadata\icall.c:1842:
C:\build\output\Unity-Technologies\mono\mono\metadata\icall.c:1842:
C:\build\output\Unity-Technologies\mono\mono\metadata\icall.c:1842:
C:\build\output\Unity-Technologies\mono\mono\metadata\icall.c:1842:
C:\build\output\Unity-Technologies\mono\mono\metadata\icall.c:1842:
C:\build\output\Unity-Technologies\mono\mono\metadata\icall.c:1842:
C:\build\output\Unity-Technologies\mono\mono\metadata\icall.c:1842:
Symbol file LoadedFromMemory doesn't match image C:\Users\Luke\OneDrive\Documents\GitHub\Team-11-fixed\Library\PackageCache\com.unity.visualscripting@1.8.0\Editor\VisualScripting.Core\Dependencies\YamlDotNet\Unity.VisualScripting.YamlDotNet.dll
Symbol file LoadedFromMemory doesn't match image C:\Users\Luke\OneDrive\Documents\GitHub\Team-11-fixed\Library\PackageCache\com.unity.visualscripting@1.8.0\Editor\VisualScripting.Core\Dependencies\DotNetZip\Unity.VisualScripting.IonicZip.dll
- Loaded All Assemblies, in  0.931 seconds
Refreshing native plugins compatible for Editor in 5.08 ms, found 4 plugins.
Native extension for WindowsStandalone target not found
Mono: successfully reloaded assembly
- Finished resetting the current domain, in  1.258 seconds
Domain Reload Profiling: 2184ms
	BeginReloadAssembly (225ms)
		ExecutionOrderSort (0ms)
		DisableScriptedObjects (16ms)
		BackupInstance (0ms)
		ReleaseScriptingObjects (0ms)
		CreateAndSetChildDomain (56ms)
	RebuildCommonClasses (37ms)
	RebuildNativeTypeToScriptingClass (13ms)
	initialDomainReloadingComplete (39ms)
	LoadAllAssembliesAndSetupDomain (610ms)
		LoadAssemblies (389ms)
		RebuildTransferFunctionScriptingTraits (0ms)
		AnalyzeDomain (330ms)
			TypeCache.Refresh (319ms)
				TypeCache.ScanAssembly (307ms)
			ScanForSourceGeneratedMonoScriptInfo (4ms)
			ResolveRequiredComponents (6ms)
	FinalizeReload (1259ms)
		ReleaseScriptCaches (0ms)
		RebuildScriptCaches (0ms)
		SetupLoadedEditorAssemblies (579ms)
			LogAssemblyErrors (0ms)
			InitializePlatformSupportModulesInManaged (6ms)
			SetLoadedEditorAssemblies (3ms)
			BeforeProcessingInitializeOnLoad (121ms)
			ProcessInitializeOnLoadAttributes (404ms)
			ProcessInitializeOnLoadMethodAttributes (36ms)
			AfterProcessingInitializeOnLoad (8ms)
			EditorAssembliesLoaded (0ms)
		ExecutionOrderSort2 (0ms)
		AwakeInstancesAfterBackupRestoration (8ms)
Refreshing native plugins compatible for Editor in 5.54 ms, found 4 plugins.
Preloading 0 native plugins for Editor in 0.00 ms.
Unloading 4823 Unused Serialized files (Serialized files now loaded: 0)
Unloading 40 unused Assets / (94.5 KB). Loaded Objects now: 5583.
Memory consumption went from 158.7 MB to 158.6 MB.
Total: 4.794000 ms (FindLiveObjects: 0.371100 ms CreateObjectMapping: 0.455400 ms MarkObjects: 3.860000 ms  DeleteObjects: 0.106500 ms)

Prepare: number of updated asset objects reloaded= 0
AssetImportParameters requested are different than current active one (requested -> active):
  custom:scripting/monoscript/fileName/itemValue.cs: f69a7127b11a9b8b566deb4c834b3490 -> 76b03e834c3cc809239a75160e59ab39
  custom:scripting/monoscript/fileName/playerManager.cs: 84ef0c7614d528361310460d29c55d5d -> fa278fc629bee650391d87d1007e9d4f
  custom:scripting/monoscript/fileName/ItemHealth.cs: f197683c3140ac4987fc76906bf005e2 -> 6e83ce6a523189f6f5fb460bfec9c34c
  custom:video-decoder-webm-vp8: 9c59270c3fd7afecdb556c50c9e8de78 -> 
  custom:SearchIndexIgnoredProperties: e643bd26f0fe6173181afceb89e7c659 -> 
  custom:scripting/monoscript/fileName/EnemyBulletScript.cs: e7d80cb660805e36ee5a5f1e215edd4c -> e71ca06aed91363c19a7206f3db18599
  custom:audio-encoder-webm-vorbis: bf7c407c2cedff20999df2af8eb42d56 -> 
  custom:scripting/monoscript/fileName/swapEffect.cs: 0cc00060eb9fe855442098e55f47f51b -> 092546921d3567d2283bb63bbd74fda0
  custom:scripting/monoscript/fileName/EnemyManager.cs: b50740975fb3f50950e34a86a690c641 -> a5f2ce24d5a536281782526914f0e68f
  custom:scripting/monoscript/fileName/PlayerInventory.cs: 6a16196cffadf640070b73a126363a7b -> c5c7e2c06a5c2135f68eaadb62be68ca
  custom:scripting/monoscript/fileName/GroundCheck.cs: 104059698e3938b710e73a1ada3cf7f2 -> aada75943ddc5f9ec791997fb4db8e41
  custom:AudioImporter_EditorPlatform: d09bf68614088b80899f8185d706f6e7 -> 
  custom:scripting/monoscript/fileName/cameraFollow.cs: a3fe78019876429fcb14da267bffd902 -> d894ceed6075e22d3236a105a1c23932
  custom:audio-decoder-ogg-vorbis: bf7c407c2cedff20999df2af8eb42d56 -> 
  custom:scripting/monoscript/fileName/explosionEffect.cs: cd6f70cba070dfaf492cd981f8e5106d -> f7a2b1128d205f6881db76924b370bc7
  custom:video-encoder-webm-vp8: eb34c28f22e8b96e1ab97ce403110664 -> 
  custom:container-demuxer-ogg: 62fdf1f143b41e24485cea50d1cbac27 -> 
  custom:framework-win-MediaFoundation: 216162199b28c13a410421893ffa2e32 -> 
  custom:video-decoder-ogg-theora: a1e56fd34408186e4bbccfd4996cb3dc -> 
  custom:scripting/monoscript/fileName/Enemy_Shooting.cs: 481c6b4472e7963c51b9ff2968d9f6ea -> 1a20005d700cc7c18dc46972e59e8a2f
  custom:scripting/monoscript/fileName/PlayerAttackRadius.cs: 3c18793bbc046bb9e08e8760d79e10a8 -> 7d876089e18024672b620eaaf4a80dff
  custom:scripting/monoscript/fileName/enemyAgroZone.cs: 09aba223f5c5bb4d1d0468e9c70a1673 -> 6c97f386582314f236da33516b1efab9
  custom:container-muxer-webm: aa71ff27fc2769a1b78a27578f13a17b -> 
  custom:CustomObjectIndexerAttribute: 756ad292c208cfabdd7b50bc23989ffe -> 
  custom:container-demuxer-webm: 4f35f7cbe854078d1ac9338744f61a02 -> 
  custom:scripting/monoscript/fileName/CloudFollow.cs: 29792e68137c88b435b3365627368bc6 -> 60e200cdf9afe623b4fef037eb963996
  custom:scripting/monoscript/fileName/playerControls.cs: 60a921168e1f017f5a720f9acb18cd12 -> f38d6680a9972768abba5f059d08cf02
========================================================================
Received Import Request.
  Time since last request: 196.276443 seconds.
  path: Assets/PlayerSmall.prefab
  artifactKey: Guid(7cff3a68d8f63ec4ca50314f3a56c762) Importer(815301076,1909f56bfc062723c751e8b465ee728b)
Start importing Assets/PlayerSmall.prefab using Guid(7cff3a68d8f63ec4ca50314f3a56c762) Importer(815301076,1909f56bfc062723c751e8b465ee728b)  -> (artifact id: 'ea829949e5b325e6a56ad7fc347e9a71') in 0.120787 seconds
Internal: There are remaining Allocations on the JobTempAlloc. This is a leak, and will impact performance
To Debug, run app with -diag-job-temp-memory-leak-validation cmd line argument. This will output the callstacks of the leaked allocations.
Number of updated asset objects reloaded before import = 0
Number of asset objects unloaded after import = 160
========================================================================
Received Import Request.
  Time since last request: 1.645704 seconds.
  path: Assets/PlayerSmall.prefab
  artifactKey: Guid(7cff3a68d8f63ec4ca50314f3a56c762) Importer(815301076,1909f56bfc062723c751e8b465ee728b)
Start importing Assets/PlayerSmall.prefab using Guid(7cff3a68d8f63ec4ca50314f3a56c762) Importer(815301076,1909f56bfc062723c751e8b465ee728b)  -> (artifact id: 'c97fdd559ac49334b28788e39cabb728') in 0.024033 seconds
Internal: There are remaining Allocations on the JobTempAlloc. This is a leak, and will impact performance
To Debug, run app with -diag-job-temp-memory-leak-validation cmd line argument. This will output the callstacks of the leaked allocations.
Number of updated asset objects reloaded before import = 0
Number of asset objects unloaded after import = 160
========================================================================
Received Import Request.
  Time since last request: 1.369108 seconds.
  path: Assets/PlayerSmall.prefab
  artifactKey: Guid(7cff3a68d8f63ec4ca50314f3a56c762) Importer(815301076,1909f56bfc062723c751e8b465ee728b)
Start importing Assets/PlayerSmall.prefab using Guid(7cff3a68d8f63ec4ca50314f3a56c762) Importer(815301076,1909f56bfc062723c751e8b465ee728b)  -> (artifact id: '9f5f748ed7dd4166becc2ff91a44dc2a') in 0.023396 seconds
Internal: There are remaining Allocations on the JobTempAlloc. This is a leak, and will impact performance
To Debug, run app with -diag-job-temp-memory-leak-validation cmd line argument. This will output the callstacks of the leaked allocations.
Number of updated asset objects reloaded before import = 0
Number of asset objects unloaded after import = 160
========================================================================
Received Import Request.
  Time since last request: 3.102133 seconds.
  path: Assets/PlayerNormal.prefab
  artifactKey: Guid(666e7b60bac03524192b22a966d4f183) Importer(815301076,1909f56bfc062723c751e8b465ee728b)
Start importing Assets/PlayerNormal.prefab using Guid(666e7b60bac03524192b22a966d4f183) Importer(815301076,1909f56bfc062723c751e8b465ee728b)  -> (artifact id: '50a24110488a18f3e9341ecc7b368bb2') in 0.024118 seconds
Internal: JobTempAlloc has allocations that are more than the maximum lifespan of 4 frames old - this is not allowed and likely a leak
To Debug, run app with -diag-job-temp-memory-leak-validation cmd line argument. This will output the callstacks of the leaked allocations.
Internal: There are remaining Allocations on the JobTempAlloc. This is a leak, and will impact performance
To Debug, run app with -diag-job-temp-memory-leak-validation cmd line argument. This will output the callstacks of the leaked allocations.
Number of updated asset objects reloaded before import = 0
Number of asset objects unloaded after import = 160
========================================================================
Received Import Request.
  Time since last request: 1.707809 seconds.
  path: Assets/PlayerNormal.prefab
  artifactKey: Guid(666e7b60bac03524192b22a966d4f183) Importer(815301076,1909f56bfc062723c751e8b465ee728b)
Start importing Assets/PlayerNormal.prefab using Guid(666e7b60bac03524192b22a966d4f183) Importer(815301076,1909f56bfc062723c751e8b465ee728b)  -> (artifact id: '31264d71ba5629cc1cad447a363235df') in 0.024171 seconds
Internal: There are remaining Allocations on the JobTempAlloc. This is a leak, and will impact performance
To Debug, run app with -diag-job-temp-memory-leak-validation cmd line argument. This will output the callstacks of the leaked allocations.
Number of updated asset objects reloaded before import = 0
Number of asset objects unloaded after import = 160
========================================================================
Received Import Request.
  Time since last request: 0.000020 seconds.
  path: Assets/PlayerSmall.prefab
  artifactKey: Guid(7cff3a68d8f63ec4ca50314f3a56c762) Importer(815301076,1909f56bfc062723c751e8b465ee728b)
Start importing Assets/PlayerSmall.prefab using Guid(7cff3a68d8f63ec4ca50314f3a56c762) Importer(815301076,1909f56bfc062723c751e8b465ee728b)  -> (artifact id: '86f22e666c7dd165d8d78ea4da462d10') in 0.026215 seconds
Internal: There are remaining Allocations on the JobTempAlloc. This is a leak, and will impact performance
To Debug, run app with -diag-job-temp-memory-leak-validation cmd line argument. This will output the callstacks of the leaked allocations.
Number of updated asset objects reloaded before import = 0
Number of asset objects unloaded after import = 160
========================================================================
Received Import Request.
  Time since last request: 1.769119 seconds.
  path: Assets/PlayerSmall.prefab
  artifactKey: Guid(7cff3a68d8f63ec4ca50314f3a56c762) Importer(815301076,1909f56bfc062723c751e8b465ee728b)
Start importing Assets/PlayerSmall.prefab using Guid(7cff3a68d8f63ec4ca50314f3a56c762) Importer(815301076,1909f56bfc062723c751e8b465ee728b)  -> (artifact id: '1e8f98d1b3824da5c6cc7be6d471bbd2') in 0.026117 seconds
Internal: There are remaining Allocations on the JobTempAlloc. This is a leak, and will impact performance
To Debug, run app with -diag-job-temp-memory-leak-validation cmd line argument. This will output the callstacks of the leaked allocations.
Number of updated asset objects reloaded before import = 0
Number of asset objects unloaded after import = 160
========================================================================
Received Prepare
Begin MonoManager ReloadAssembly
Internal: deleting an allocation that is older than its permitted lifetime of 4 frames (age = 5)
Internal: deleting an allocation that is older than its permitted lifetime of 4 frames (age = 5)
Internal: deleting an allocation that is older than its permitted lifetime of 4 frames (age = 6)
Internal: deleting an allocation that is older than its permitted lifetime of 4 frames (age = 6)
Internal: deleting an allocation that is older than its permitted lifetime of 4 frames (age = 7)
Internal: deleting an allocation that is older than its permitted lifetime of 4 frames (age = 7)
C:\build\output\Unity-Technologies\mono\mono\metadata\icall.c:1842:
C:\build\output\Unity-Technologies\mono\mono\metadata\icall.c:1842:
C:\build\output\Unity-Technologies\mono\mono\metadata\icall.c:1842:
C:\build\output\Unity-Technologies\mono\mono\metadata\icall.c:1842:
C:\build\output\Unity-Technologies\mono\mono\metadata\icall.c:1842:
C:\build\output\Unity-Technologies\mono\mono\metadata\icall.c:1842:
C:\build\output\Unity-Technologies\mono\mono\metadata\icall.c:1842:
C:\build\output\Unity-Technologies\mono\mono\metadata\icall.c:1842:
C:\build\output\Unity-Technologies\mono\mono\metadata\icall.c:1842:
C:\build\output\Unity-Technologies\mono\mono\metadata\icall.c:1842:
C:\build\output\Unity-Technologies\mono\mono\metadata\icall.c:1842:
C:\build\output\Unity-Technologies\mono\mono\metadata\icall.c:1842:
Symbol file LoadedFromMemory doesn't match image C:\Users\Luke\OneDrive\Documents\GitHub\Team-11-fixed\Library\PackageCache\com.unity.visualscripting@1.8.0\Editor\VisualScripting.Core\Dependencies\YamlDotNet\Unity.VisualScripting.YamlDotNet.dll
Symbol file LoadedFromMemory doesn't match image C:\Users\Luke\OneDrive\Documents\GitHub\Team-11-fixed\Library\PackageCache\com.unity.visualscripting@1.8.0\Editor\VisualScripting.Core\Dependencies\DotNetZip\Unity.VisualScripting.IonicZip.dll
- Loaded All Assemblies, in  0.899 seconds
Refreshing native plugins compatible for Editor in 6.31 ms, found 4 plugins.
Native extension for WindowsStandalone target not found
Mono: successfully reloaded assembly
- Finished resetting the current domain, in  1.256 seconds
Domain Reload Profiling: 2149ms
	BeginReloadAssembly (199ms)
		ExecutionOrderSort (0ms)
		DisableScriptedObjects (13ms)
		BackupInstance (0ms)
		ReleaseScriptingObjects (0ms)
		CreateAndSetChildDomain (46ms)
	RebuildCommonClasses (39ms)
	RebuildNativeTypeToScriptingClass (13ms)
	initialDomainReloadingComplete (37ms)
	LoadAllAssembliesAndSetupDomain (604ms)
		LoadAssemblies (353ms)
		RebuildTransferFunctionScriptingTraits (0ms)
		AnalyzeDomain (346ms)
			TypeCache.Refresh (338ms)
				TypeCache.ScanAssembly (327ms)
			ScanForSourceGeneratedMonoScriptInfo (0ms)
			ResolveRequiredComponents (7ms)
	FinalizeReload (1257ms)
		ReleaseScriptCaches (0ms)
		RebuildScriptCaches (0ms)
		SetupLoadedEditorAssemblies (571ms)
			LogAssemblyErrors (0ms)
			InitializePlatformSupportModulesInManaged (7ms)
			SetLoadedEditorAssemblies (5ms)
			BeforeProcessingInitializeOnLoad (117ms)
			ProcessInitializeOnLoadAttributes (403ms)
			ProcessInitializeOnLoadMethodAttributes (32ms)
			AfterProcessingInitializeOnLoad (6ms)
			EditorAssembliesLoaded (0ms)
		ExecutionOrderSort2 (0ms)
		AwakeInstancesAfterBackupRestoration (7ms)
Refreshing native plugins compatible for Editor in 4.91 ms, found 4 plugins.
Preloading 0 native plugins for Editor in 0.00 ms.
Unloading 4823 Unused Serialized files (Serialized files now loaded: 0)
Unloading 40 unused Assets / (93.5 KB). Loaded Objects now: 5598.
Memory consumption went from 158.7 MB to 158.6 MB.
Total: 4.199000 ms (FindLiveObjects: 0.359700 ms CreateObjectMapping: 0.416400 ms MarkObjects: 3.328000 ms  DeleteObjects: 0.094300 ms)

Prepare: number of updated asset objects reloaded= 0
AssetImportParameters requested are different than current active one (requested -> active):
  custom:scripting/monoscript/fileName/itemValue.cs: f69a7127b11a9b8b566deb4c834b3490 -> 76b03e834c3cc809239a75160e59ab39
  custom:scripting/monoscript/fileName/playerManager.cs: 84ef0c7614d528361310460d29c55d5d -> fa278fc629bee650391d87d1007e9d4f
  custom:scripting/monoscript/fileName/ItemHealth.cs: f197683c3140ac4987fc76906bf005e2 -> 6e83ce6a523189f6f5fb460bfec9c34c
  custom:video-decoder-webm-vp8: 9c59270c3fd7afecdb556c50c9e8de78 -> 
  custom:SearchIndexIgnoredProperties: e643bd26f0fe6173181afceb89e7c659 -> 
  custom:scripting/monoscript/fileName/EnemyBulletScript.cs: e7d80cb660805e36ee5a5f1e215edd4c -> e71ca06aed91363c19a7206f3db18599
  custom:audio-encoder-webm-vorbis: bf7c407c2cedff20999df2af8eb42d56 -> 
  custom:scripting/monoscript/fileName/swapEffect.cs: 0cc00060eb9fe855442098e55f47f51b -> 092546921d3567d2283bb63bbd74fda0
  custom:scripting/monoscript/fileName/EnemyManager.cs: b50740975fb3f50950e34a86a690c641 -> a5f2ce24d5a536281782526914f0e68f
  custom:scripting/monoscript/fileName/PlayerInventory.cs: 6a16196cffadf640070b73a126363a7b -> c5c7e2c06a5c2135f68eaadb62be68ca
  custom:scripting/monoscript/fileName/GroundCheck.cs: 104059698e3938b710e73a1ada3cf7f2 -> aada75943ddc5f9ec791997fb4db8e41
  custom:AudioImporter_EditorPlatform: d09bf68614088b80899f8185d706f6e7 -> 
  custom:scripting/monoscript/fileName/cameraFollow.cs: a3fe78019876429fcb14da267bffd902 -> d894ceed6075e22d3236a105a1c23932
  custom:audio-decoder-ogg-vorbis: bf7c407c2cedff20999df2af8eb42d56 -> 
  custom:scripting/monoscript/fileName/explosionEffect.cs: cd6f70cba070dfaf492cd981f8e5106d -> f7a2b1128d205f6881db76924b370bc7
  custom:video-encoder-webm-vp8: eb34c28f22e8b96e1ab97ce403110664 -> 
  custom:container-demuxer-ogg: 62fdf1f143b41e24485cea50d1cbac27 -> 
  custom:framework-win-MediaFoundation: 216162199b28c13a410421893ffa2e32 -> 
  custom:video-decoder-ogg-theora: a1e56fd34408186e4bbccfd4996cb3dc -> 
  custom:scripting/monoscript/fileName/Enemy_Shooting.cs: 481c6b4472e7963c51b9ff2968d9f6ea -> 1a20005d700cc7c18dc46972e59e8a2f
  custom:scripting/monoscript/fileName/PlayerAttackRadius.cs: 3c18793bbc046bb9e08e8760d79e10a8 -> 7d876089e18024672b620eaaf4a80dff
  custom:scripting/monoscript/fileName/enemyAgroZone.cs: 09aba223f5c5bb4d1d0468e9c70a1673 -> 6c97f386582314f236da33516b1efab9
  custom:container-muxer-webm: aa71ff27fc2769a1b78a27578f13a17b -> 
  custom:CustomObjectIndexerAttribute: 756ad292c208cfabdd7b50bc23989ffe -> 
  custom:container-demuxer-webm: 4f35f7cbe854078d1ac9338744f61a02 -> 
  custom:scripting/monoscript/fileName/CloudFollow.cs: 29792e68137c88b435b3365627368bc6 -> 60e200cdf9afe623b4fef037eb963996
  custom:scripting/monoscript/fileName/playerControls.cs: 60a921168e1f017f5a720f9acb18cd12 -> f38d6680a9972768abba5f059d08cf02
========================================================================
Received Import Request.
  Time since last request: 21.589154 seconds.
  path: Assets/PlayerNormal.prefab
  artifactKey: Guid(666e7b60bac03524192b22a966d4f183) Importer(815301076,1909f56bfc062723c751e8b465ee728b)
Start importing Assets/PlayerNormal.prefab using Guid(666e7b60bac03524192b22a966d4f183) Importer(815301076,1909f56bfc062723c751e8b465ee728b)  -> (artifact id: 'dabf75d82e10d8d6c70b77990bcd4933') in 0.107836 seconds
Internal: There are remaining Allocations on the JobTempAlloc. This is a leak, and will impact performance
To Debug, run app with -diag-job-temp-memory-leak-validation cmd line argument. This will output the callstacks of the leaked allocations.
Number of updated asset objects reloaded before import = 0
Number of asset objects unloaded after import = 160
========================================================================
Received Import Request.
  Time since last request: 0.000015 seconds.
  path: Assets/PlayerSmall.prefab
  artifactKey: Guid(7cff3a68d8f63ec4ca50314f3a56c762) Importer(815301076,1909f56bfc062723c751e8b465ee728b)
Start importing Assets/PlayerSmall.prefab using Guid(7cff3a68d8f63ec4ca50314f3a56c762) Importer(815301076,1909f56bfc062723c751e8b465ee728b)  -> (artifact id: 'c544f4295b38b8629db42e276112396e') in 0.025818 seconds
Internal: There are remaining Allocations on the JobTempAlloc. This is a leak, and will impact performance
To Debug, run app with -diag-job-temp-memory-leak-validation cmd line argument. This will output the callstacks of the leaked allocations.
Number of updated asset objects reloaded before import = 0
Number of asset objects unloaded after import = 160
========================================================================
Received Import Request.
  Time since last request: 2.469418 seconds.
  path: Assets/PlayerNormal.prefab
  artifactKey: Guid(666e7b60bac03524192b22a966d4f183) Importer(815301076,1909f56bfc062723c751e8b465ee728b)
Start importing Assets/PlayerNormal.prefab using Guid(666e7b60bac03524192b22a966d4f183) Importer(815301076,1909f56bfc062723c751e8b465ee728b)  -> (artifact id: '95f935b0425302b0f96168bc63b85507') in 0.022575 seconds
Internal: There are remaining Allocations on the JobTempAlloc. This is a leak, and will impact performance
To Debug, run app with -diag-job-temp-memory-leak-validation cmd line argument. This will output the callstacks of the leaked allocations.
Number of updated asset objects reloaded before import = 0
Number of asset objects unloaded after import = 160
========================================================================
Received Import Request.
  Time since last request: 6.372545 seconds.
  path: Assets/PlayerSmall.prefab
  artifactKey: Guid(7cff3a68d8f63ec4ca50314f3a56c762) Importer(815301076,1909f56bfc062723c751e8b465ee728b)
Start importing Assets/PlayerSmall.prefab using Guid(7cff3a68d8f63ec4ca50314f3a56c762) Importer(815301076,1909f56bfc062723c751e8b465ee728b)  -> (artifact id: '0c1a3f2e49df02a12a79f2121d3478ea') in 0.022287 seconds
Internal: There are remaining Allocations on the JobTempAlloc. This is a leak, and will impact performance
To Debug, run app with -diag-job-temp-memory-leak-validation cmd line argument. This will output the callstacks of the leaked allocations.
Number of updated asset objects reloaded before import = 0
Number of asset objects unloaded after import = 160
========================================================================
Received Import Request.
  Time since last request: 1.104967 seconds.
  path: Assets/PlayerSmall.prefab
  artifactKey: Guid(7cff3a68d8f63ec4ca50314f3a56c762) Importer(815301076,1909f56bfc062723c751e8b465ee728b)
Start importing Assets/PlayerSmall.prefab using Guid(7cff3a68d8f63ec4ca50314f3a56c762) Importer(815301076,1909f56bfc062723c751e8b465ee728b)  -> (artifact id: '14fcd3fde56559a24f5ffdc3fecf04f9') in 0.022078 seconds
Internal: There are remaining Allocations on the JobTempAlloc. This is a leak, and will impact performance
To Debug, run app with -diag-job-temp-memory-leak-validation cmd line argument. This will output the callstacks of the leaked allocations.
Number of updated asset objects reloaded before import = 0
Number of asset objects unloaded after import = 160
========================================================================
Received Prepare
Begin MonoManager ReloadAssembly
Internal: deleting an allocation that is older than its permitted lifetime of 4 frames (age = 5)
Internal: deleting an allocation that is older than its permitted lifetime of 4 frames (age = 5)
C:\build\output\Unity-Technologies\mono\mono\metadata\icall.c:1842:
C:\build\output\Unity-Technologies\mono\mono\metadata\icall.c:1842:
C:\build\output\Unity-Technologies\mono\mono\metadata\icall.c:1842:
C:\build\output\Unity-Technologies\mono\mono\metadata\icall.c:1842:
C:\build\output\Unity-Technologies\mono\mono\metadata\icall.c:1842:
C:\build\output\Unity-Technologies\mono\mono\metadata\icall.c:1842:
C:\build\output\Unity-Technologies\mono\mono\metadata\icall.c:1842:
C:\build\output\Unity-Technologies\mono\mono\metadata\icall.c:1842:
C:\build\output\Unity-Technologies\mono\mono\metadata\icall.c:1842:
C:\build\output\Unity-Technologies\mono\mono\metadata\icall.c:1842:
C:\build\output\Unity-Technologies\mono\mono\metadata\icall.c:1842:
C:\build\output\Unity-Technologies\mono\mono\metadata\icall.c:1842:
Symbol file LoadedFromMemory doesn't match image C:\Users\Luke\OneDrive\Documents\GitHub\Team-11-fixed\Library\PackageCache\com.unity.visualscripting@1.8.0\Editor\VisualScripting.Core\Dependencies\YamlDotNet\Unity.VisualScripting.YamlDotNet.dll
Symbol file LoadedFromMemory doesn't match image C:\Users\Luke\OneDrive\Documents\GitHub\Team-11-fixed\Library\PackageCache\com.unity.visualscripting@1.8.0\Editor\VisualScripting.Core\Dependencies\DotNetZip\Unity.VisualScripting.IonicZip.dll
- Loaded All Assemblies, in  0.844 seconds
Refreshing native plugins compatible for Editor in 5.51 ms, found 4 plugins.
Native extension for WindowsStandalone target not found
Mono: successfully reloaded assembly
- Finished resetting the current domain, in  1.360 seconds
Domain Reload Profiling: 2196ms
	BeginReloadAssembly (200ms)
		ExecutionOrderSort (0ms)
		DisableScriptedObjects (15ms)
		BackupInstance (0ms)
		ReleaseScriptingObjects (0ms)
		CreateAndSetChildDomain (45ms)
	RebuildCommonClasses (34ms)
	RebuildNativeTypeToScriptingClass (13ms)
	initialDomainReloadingComplete (28ms)
	LoadAllAssembliesAndSetupDomain (561ms)
		LoadAssemblies (343ms)
		RebuildTransferFunctionScriptingTraits (0ms)
		AnalyzeDomain (314ms)
			TypeCache.Refresh (305ms)
				TypeCache.ScanAssembly (294ms)
			ScanForSourceGeneratedMonoScriptInfo (0ms)
			ResolveRequiredComponents (8ms)
	FinalizeReload (1360ms)
		ReleaseScriptCaches (0ms)
		RebuildScriptCaches (0ms)
		SetupLoadedEditorAssemblies (642ms)
			LogAssemblyErrors (0ms)
			InitializePlatformSupportModulesInManaged (7ms)
			SetLoadedEditorAssemblies (4ms)
			BeforeProcessingInitializeOnLoad (120ms)
			ProcessInitializeOnLoadAttributes (464ms)
			ProcessInitializeOnLoadMethodAttributes (39ms)
			AfterProcessingInitializeOnLoad (8ms)
			EditorAssembliesLoaded (0ms)
		ExecutionOrderSort2 (0ms)
		AwakeInstancesAfterBackupRestoration (11ms)
Refreshing native plugins compatible for Editor in 6.67 ms, found 4 plugins.
Preloading 0 native plugins for Editor in 0.00 ms.
Unloading 4823 Unused Serialized files (Serialized files now loaded: 0)
Unloading 40 unused Assets / (93.5 KB). Loaded Objects now: 5613.
Memory consumption went from 158.8 MB to 158.7 MB.
Total: 6.614400 ms (FindLiveObjects: 0.439700 ms CreateObjectMapping: 0.651400 ms MarkObjects: 5.413400 ms  DeleteObjects: 0.109000 ms)

Prepare: number of updated asset objects reloaded= 0
AssetImportParameters requested are different than current active one (requested -> active):
  custom:scripting/monoscript/fileName/itemValue.cs: f69a7127b11a9b8b566deb4c834b3490 -> 76b03e834c3cc809239a75160e59ab39
  custom:scripting/monoscript/fileName/playerManager.cs: 84ef0c7614d528361310460d29c55d5d -> fa278fc629bee650391d87d1007e9d4f
  custom:scripting/monoscript/fileName/ItemHealth.cs: f197683c3140ac4987fc76906bf005e2 -> 6e83ce6a523189f6f5fb460bfec9c34c
  custom:video-decoder-webm-vp8: 9c59270c3fd7afecdb556c50c9e8de78 -> 
  custom:SearchIndexIgnoredProperties: e643bd26f0fe6173181afceb89e7c659 -> 
  custom:scripting/monoscript/fileName/EnemyBulletScript.cs: e7d80cb660805e36ee5a5f1e215edd4c -> e71ca06aed91363c19a7206f3db18599
  custom:audio-encoder-webm-vorbis: bf7c407c2cedff20999df2af8eb42d56 -> 
  custom:scripting/monoscript/fileName/swapEffect.cs: 0cc00060eb9fe855442098e55f47f51b -> 092546921d3567d2283bb63bbd74fda0
  custom:scripting/monoscript/fileName/EnemyManager.cs: b50740975fb3f50950e34a86a690c641 -> a5f2ce24d5a536281782526914f0e68f
  custom:scripting/monoscript/fileName/PlayerInventory.cs: 6a16196cffadf640070b73a126363a7b -> c5c7e2c06a5c2135f68eaadb62be68ca
  custom:scripting/monoscript/fileName/GroundCheck.cs: 104059698e3938b710e73a1ada3cf7f2 -> aada75943ddc5f9ec791997fb4db8e41
  custom:AudioImporter_EditorPlatform: d09bf68614088b80899f8185d706f6e7 -> 
  custom:scripting/monoscript/fileName/cameraFollow.cs: a3fe78019876429fcb14da267bffd902 -> d894ceed6075e22d3236a105a1c23932
  custom:audio-decoder-ogg-vorbis: bf7c407c2cedff20999df2af8eb42d56 -> 
  custom:scripting/monoscript/fileName/explosionEffect.cs: cd6f70cba070dfaf492cd981f8e5106d -> f7a2b1128d205f6881db76924b370bc7
  custom:video-encoder-webm-vp8: eb34c28f22e8b96e1ab97ce403110664 -> 
  custom:container-demuxer-ogg: 62fdf1f143b41e24485cea50d1cbac27 -> 
  custom:framework-win-MediaFoundation: 216162199b28c13a410421893ffa2e32 -> 
  custom:video-decoder-ogg-theora: a1e56fd34408186e4bbccfd4996cb3dc -> 
  custom:scripting/monoscript/fileName/Enemy_Shooting.cs: 481c6b4472e7963c51b9ff2968d9f6ea -> 1a20005d700cc7c18dc46972e59e8a2f
  custom:scripting/monoscript/fileName/PlayerAttackRadius.cs: 3c18793bbc046bb9e08e8760d79e10a8 -> 7d876089e18024672b620eaaf4a80dff
  custom:scripting/monoscript/fileName/enemyAgroZone.cs: 09aba223f5c5bb4d1d0468e9c70a1673 -> 6c97f386582314f236da33516b1efab9
  custom:container-muxer-webm: aa71ff27fc2769a1b78a27578f13a17b -> 
  custom:CustomObjectIndexerAttribute: 756ad292c208cfabdd7b50bc23989ffe -> 
  custom:container-demuxer-webm: 4f35f7cbe854078d1ac9338744f61a02 -> 
  custom:scripting/monoscript/fileName/CloudFollow.cs: 29792e68137c88b435b3365627368bc6 -> 60e200cdf9afe623b4fef037eb963996
  custom:scripting/monoscript/fileName/playerControls.cs: 60a921168e1f017f5a720f9acb18cd12 -> f38d6680a9972768abba5f059d08cf02
========================================================================
Received Prepare
Begin MonoManager ReloadAssembly
C:\build\output\Unity-Technologies\mono\mono\metadata\icall.c:1842:
C:\build\output\Unity-Technologies\mono\mono\metadata\icall.c:1842:
C:\build\output\Unity-Technologies\mono\mono\metadata\icall.c:1842:
C:\build\output\Unity-Technologies\mono\mono\metadata\icall.c:1842:
C:\build\output\Unity-Technologies\mono\mono\metadata\icall.c:1842:
C:\build\output\Unity-Technologies\mono\mono\metadata\icall.c:1842:
C:\build\output\Unity-Technologies\mono\mono\metadata\icall.c:1842:
C:\build\output\Unity-Technologies\mono\mono\metadata\icall.c:1842:
C:\build\output\Unity-Technologies\mono\mono\metadata\icall.c:1842:
C:\build\output\Unity-Technologies\mono\mono\metadata\icall.c:1842:
C:\build\output\Unity-Technologies\mono\mono\metadata\icall.c:1842:
C:\build\output\Unity-Technologies\mono\mono\metadata\icall.c:1842:
Symbol file LoadedFromMemory doesn't match image C:\Users\Luke\OneDrive\Documents\GitHub\Team-11-fixed\Library\PackageCache\com.unity.visualscripting@1.8.0\Editor\VisualScripting.Core\Dependencies\YamlDotNet\Unity.VisualScripting.YamlDotNet.dll
Symbol file LoadedFromMemory doesn't match image C:\Users\Luke\OneDrive\Documents\GitHub\Team-11-fixed\Library\PackageCache\com.unity.visualscripting@1.8.0\Editor\VisualScripting.Core\Dependencies\DotNetZip\Unity.VisualScripting.IonicZip.dll
- Loaded All Assemblies, in  0.939 seconds
Refreshing native plugins compatible for Editor in 4.95 ms, found 4 plugins.
Native extension for WindowsStandalone target not found
Mono: successfully reloaded assembly
- Finished resetting the current domain, in  1.788 seconds
Domain Reload Profiling: 2720ms
	BeginReloadAssembly (220ms)
		ExecutionOrderSort (0ms)
		DisableScriptedObjects (13ms)
		BackupInstance (0ms)
		ReleaseScriptingObjects (0ms)
		CreateAndSetChildDomain (54ms)
	RebuildCommonClasses (43ms)
	RebuildNativeTypeToScriptingClass (15ms)
	initialDomainReloadingComplete (30ms)
	LoadAllAssembliesAndSetupDomain (624ms)
		LoadAssemblies (383ms)
		RebuildTransferFunctionScriptingTraits (0ms)
		AnalyzeDomain (348ms)
			TypeCache.Refresh (336ms)
				TypeCache.ScanAssembly (326ms)
			ScanForSourceGeneratedMonoScriptInfo (5ms)
			ResolveRequiredComponents (7ms)
	FinalizeReload (1788ms)
		ReleaseScriptCaches (0ms)
		RebuildScriptCaches (0ms)
		SetupLoadedEditorAssemblies (530ms)
			LogAssemblyErrors (0ms)
			InitializePlatformSupportModulesInManaged (7ms)
			SetLoadedEditorAssemblies (4ms)
			BeforeProcessingInitializeOnLoad (109ms)
			ProcessInitializeOnLoadAttributes (373ms)
			ProcessInitializeOnLoadMethodAttributes (30ms)
			AfterProcessingInitializeOnLoad (7ms)
			EditorAssembliesLoaded (0ms)
		ExecutionOrderSort2 (0ms)
		AwakeInstancesAfterBackupRestoration (8ms)
Refreshing native plugins compatible for Editor in 5.25 ms, found 4 plugins.
Preloading 0 native plugins for Editor in 0.00 ms.
Unloading 4824 Unused Serialized files (Serialized files now loaded: 0)
Unloading 38 unused Assets / (92.6 KB). Loaded Objects now: 5628.
Memory consumption went from 158.9 MB to 158.8 MB.
Total: 4.397600 ms (FindLiveObjects: 0.380500 ms CreateObjectMapping: 0.428100 ms MarkObjects: 3.519400 ms  DeleteObjects: 0.068800 ms)

Prepare: number of updated asset objects reloaded= 0
AssetImportParameters requested are different than current active one (requested -> active):
  custom:scripting/monoscript/fileName/itemValue.cs: f69a7127b11a9b8b566deb4c834b3490 -> 76b03e834c3cc809239a75160e59ab39
  custom:scripting/monoscript/fileName/playerManager.cs: 84ef0c7614d528361310460d29c55d5d -> fa278fc629bee650391d87d1007e9d4f
  custom:scripting/monoscript/fileName/ItemHealth.cs: f197683c3140ac4987fc76906bf005e2 -> 6e83ce6a523189f6f5fb460bfec9c34c
  custom:video-decoder-webm-vp8: 9c59270c3fd7afecdb556c50c9e8de78 -> 
  custom:SearchIndexIgnoredProperties: e643bd26f0fe6173181afceb89e7c659 -> 
  custom:scripting/monoscript/fileName/EnemyBulletScript.cs: e7d80cb660805e36ee5a5f1e215edd4c -> e71ca06aed91363c19a7206f3db18599
  custom:audio-encoder-webm-vorbis: bf7c407c2cedff20999df2af8eb42d56 -> 
  custom:scripting/monoscript/fileName/swapEffect.cs: 0cc00060eb9fe855442098e55f47f51b -> 092546921d3567d2283bb63bbd74fda0
  custom:scripting/monoscript/fileName/EnemyManager.cs: b50740975fb3f50950e34a86a690c641 -> a5f2ce24d5a536281782526914f0e68f
  custom:scripting/monoscript/fileName/PlayerInventory.cs: 6a16196cffadf640070b73a126363a7b -> c5c7e2c06a5c2135f68eaadb62be68ca
  custom:scripting/monoscript/fileName/GroundCheck.cs: 104059698e3938b710e73a1ada3cf7f2 -> aada75943ddc5f9ec791997fb4db8e41
  custom:AudioImporter_EditorPlatform: d09bf68614088b80899f8185d706f6e7 -> 
  custom:scripting/monoscript/fileName/cameraFollow.cs: a3fe78019876429fcb14da267bffd902 -> d894ceed6075e22d3236a105a1c23932
  custom:audio-decoder-ogg-vorbis: bf7c407c2cedff20999df2af8eb42d56 -> 
  custom:scripting/monoscript/fileName/explosionEffect.cs: cd6f70cba070dfaf492cd981f8e5106d -> f7a2b1128d205f6881db76924b370bc7
  custom:video-encoder-webm-vp8: eb34c28f22e8b96e1ab97ce403110664 -> 
  custom:container-demuxer-ogg: 62fdf1f143b41e24485cea50d1cbac27 -> 
  custom:framework-win-MediaFoundation: 216162199b28c13a410421893ffa2e32 -> 
  custom:video-decoder-ogg-theora: a1e56fd34408186e4bbccfd4996cb3dc -> 
  custom:scripting/monoscript/fileName/Enemy_Shooting.cs: 481c6b4472e7963c51b9ff2968d9f6ea -> 1a20005d700cc7c18dc46972e59e8a2f
  custom:scripting/monoscript/fileName/PlayerAttackRadius.cs: 3c18793bbc046bb9e08e8760d79e10a8 -> 7d876089e18024672b620eaaf4a80dff
  custom:scripting/monoscript/fileName/enemyAgroZone.cs: 09aba223f5c5bb4d1d0468e9c70a1673 -> 6c97f386582314f236da33516b1efab9
  custom:container-muxer-webm: aa71ff27fc2769a1b78a27578f13a17b -> 
  custom:CustomObjectIndexerAttribute: 756ad292c208cfabdd7b50bc23989ffe -> 
  custom:container-demuxer-webm: 4f35f7cbe854078d1ac9338744f61a02 -> 
  custom:scripting/monoscript/fileName/CloudFollow.cs: 29792e68137c88b435b3365627368bc6 -> 60e200cdf9afe623b4fef037eb963996
  custom:scripting/monoscript/fileName/playerControls.cs: 60a921168e1f017f5a720f9acb18cd12 -> f38d6680a9972768abba5f059d08cf02
========================================================================
Received Import Request.
  Time since last request: 141.438278 seconds.
  path: Assets/PlayerSmall.prefab
  artifactKey: Guid(7cff3a68d8f63ec4ca50314f3a56c762) Importer(815301076,1909f56bfc062723c751e8b465ee728b)
Start importing Assets/PlayerSmall.prefab using Guid(7cff3a68d8f63ec4ca50314f3a56c762) Importer(815301076,1909f56bfc062723c751e8b465ee728b)  -> (artifact id: 'ee6012a845f44a161fe160b5d223a56e') in 0.080818 seconds
Internal: There are remaining Allocations on the JobTempAlloc. This is a leak, and will impact performance
To Debug, run app with -diag-job-temp-memory-leak-validation cmd line argument. This will output the callstacks of the leaked allocations.
Number of updated asset objects reloaded before import = 0
Number of asset objects unloaded after import = 44
========================================================================
Received Import Request.
  Time since last request: 0.000021 seconds.
  path: Assets/PlayerNormal.prefab
  artifactKey: Guid(666e7b60bac03524192b22a966d4f183) Importer(815301076,1909f56bfc062723c751e8b465ee728b)
Start importing Assets/PlayerNormal.prefab using Guid(666e7b60bac03524192b22a966d4f183) Importer(815301076,1909f56bfc062723c751e8b465ee728b)  -> (artifact id: '799b66c59451de5f5a3672be11369b3f') in 0.023415 seconds
Internal: There are remaining Allocations on the JobTempAlloc. This is a leak, and will impact performance
To Debug, run app with -diag-job-temp-memory-leak-validation cmd line argument. This will output the callstacks of the leaked allocations.
Number of updated asset objects reloaded before import = 0
Number of asset objects unloaded after import = 80
========================================================================
Received Prepare
Begin MonoManager ReloadAssembly
C:\build\output\Unity-Technologies\mono\mono\metadata\icall.c:1842:
C:\build\output\Unity-Technologies\mono\mono\metadata\icall.c:1842:
C:\build\output\Unity-Technologies\mono\mono\metadata\icall.c:1842:
C:\build\output\Unity-Technologies\mono\mono\metadata\icall.c:1842:
C:\build\output\Unity-Technologies\mono\mono\metadata\icall.c:1842:
C:\build\output\Unity-Technologies\mono\mono\metadata\icall.c:1842:
C:\build\output\Unity-Technologies\mono\mono\metadata\icall.c:1842:
C:\build\output\Unity-Technologies\mono\mono\metadata\icall.c:1842:
C:\build\output\Unity-Technologies\mono\mono\metadata\icall.c:1842:
C:\build\output\Unity-Technologies\mono\mono\metadata\icall.c:1842:
C:\build\output\Unity-Technologies\mono\mono\metadata\icall.c:1842:
C:\build\output\Unity-Technologies\mono\mono\metadata\icall.c:1842:
Symbol file LoadedFromMemory doesn't match image C:\Users\Luke\OneDrive\Documents\GitHub\Team-11-fixed\Library\PackageCache\com.unity.visualscripting@1.8.0\Editor\VisualScripting.Core\Dependencies\YamlDotNet\Unity.VisualScripting.YamlDotNet.dll
Symbol file LoadedFromMemory doesn't match image C:\Users\Luke\OneDrive\Documents\GitHub\Team-11-fixed\Library\PackageCache\com.unity.visualscripting@1.8.0\Editor\VisualScripting.Core\Dependencies\DotNetZip\Unity.VisualScripting.IonicZip.dll
- Loaded All Assemblies, in  0.954 seconds
Refreshing native plugins compatible for Editor in 4.97 ms, found 4 plugins.
Native extension for WindowsStandalone target not found
Mono: successfully reloaded assembly
- Finished resetting the current domain, in  1.283 seconds
Domain Reload Profiling: 2231ms
	BeginReloadAssembly (232ms)
		ExecutionOrderSort (0ms)
		DisableScriptedObjects (14ms)
		BackupInstance (0ms)
		ReleaseScriptingObjects (0ms)
		CreateAndSetChildDomain (56ms)
	RebuildCommonClasses (39ms)
	RebuildNativeTypeToScriptingClass (21ms)
	initialDomainReloadingComplete (30ms)
	LoadAllAssembliesAndSetupDomain (626ms)
		LoadAssemblies (378ms)
		RebuildTransferFunctionScriptingTraits (0ms)
		AnalyzeDomain (361ms)
			TypeCache.Refresh (350ms)
				TypeCache.ScanAssembly (339ms)
			ScanForSourceGeneratedMonoScriptInfo (4ms)
			ResolveRequiredComponents (6ms)
	FinalizeReload (1284ms)
		ReleaseScriptCaches (0ms)
		RebuildScriptCaches (0ms)
		SetupLoadedEditorAssemblies (577ms)
			LogAssemblyErrors (0ms)
			InitializePlatformSupportModulesInManaged (7ms)
			SetLoadedEditorAssemblies (4ms)
			BeforeProcessingInitializeOnLoad (117ms)
			ProcessInitializeOnLoadAttributes (406ms)
			ProcessInitializeOnLoadMethodAttributes (35ms)
			AfterProcessingInitializeOnLoad (8ms)
			EditorAssembliesLoaded (0ms)
		ExecutionOrderSort2 (0ms)
		AwakeInstancesAfterBackupRestoration (8ms)
Refreshing native plugins compatible for Editor in 5.13 ms, found 4 plugins.
Preloading 0 native plugins for Editor in 0.00 ms.
Unloading 4823 Unused Serialized files (Serialized files now loaded: 0)
Unloading 40 unused Assets / (93.4 KB). Loaded Objects now: 5643.
Memory consumption went from 158.8 MB to 158.7 MB.
Total: 5.231900 ms (FindLiveObjects: 0.407900 ms CreateObjectMapping: 0.506200 ms MarkObjects: 4.212400 ms  DeleteObjects: 0.104500 ms)

Prepare: number of updated asset objects reloaded= 0
AssetImportParameters requested are different than current active one (requested -> active):
  custom:scripting/monoscript/fileName/itemValue.cs: f69a7127b11a9b8b566deb4c834b3490 -> 76b03e834c3cc809239a75160e59ab39
  custom:scripting/monoscript/fileName/playerManager.cs: 84ef0c7614d528361310460d29c55d5d -> fa278fc629bee650391d87d1007e9d4f
  custom:scripting/monoscript/fileName/ItemHealth.cs: f197683c3140ac4987fc76906bf005e2 -> 6e83ce6a523189f6f5fb460bfec9c34c
  custom:video-decoder-webm-vp8: 9c59270c3fd7afecdb556c50c9e8de78 -> 
  custom:SearchIndexIgnoredProperties: e643bd26f0fe6173181afceb89e7c659 -> 
  custom:scripting/monoscript/fileName/EnemyBulletScript.cs: e7d80cb660805e36ee5a5f1e215edd4c -> e71ca06aed91363c19a7206f3db18599
  custom:audio-encoder-webm-vorbis: bf7c407c2cedff20999df2af8eb42d56 -> 
  custom:scripting/monoscript/fileName/swapEffect.cs: 0cc00060eb9fe855442098e55f47f51b -> 092546921d3567d2283bb63bbd74fda0
  custom:scripting/monoscript/fileName/EnemyManager.cs: b50740975fb3f50950e34a86a690c641 -> a5f2ce24d5a536281782526914f0e68f
  custom:scripting/monoscript/fileName/PlayerInventory.cs: 6a16196cffadf640070b73a126363a7b -> c5c7e2c06a5c2135f68eaadb62be68ca
  custom:scripting/monoscript/fileName/GroundCheck.cs: 104059698e3938b710e73a1ada3cf7f2 -> aada75943ddc5f9ec791997fb4db8e41
  custom:AudioImporter_EditorPlatform: d09bf68614088b80899f8185d706f6e7 -> 
  custom:scripting/monoscript/fileName/cameraFollow.cs: a3fe78019876429fcb14da267bffd902 -> d894ceed6075e22d3236a105a1c23932
  custom:audio-decoder-ogg-vorbis: bf7c407c2cedff20999df2af8eb42d56 -> 
  custom:scripting/monoscript/fileName/explosionEffect.cs: cd6f70cba070dfaf492cd981f8e5106d -> f7a2b1128d205f6881db76924b370bc7
  custom:video-encoder-webm-vp8: eb34c28f22e8b96e1ab97ce403110664 -> 
  custom:container-demuxer-ogg: 62fdf1f143b41e24485cea50d1cbac27 -> 
  custom:framework-win-MediaFoundation: 216162199b28c13a410421893ffa2e32 -> 
  custom:video-decoder-ogg-theora: a1e56fd34408186e4bbccfd4996cb3dc -> 
  custom:scripting/monoscript/fileName/Enemy_Shooting.cs: 481c6b4472e7963c51b9ff2968d9f6ea -> 1a20005d700cc7c18dc46972e59e8a2f
  custom:scripting/monoscript/fileName/PlayerAttackRadius.cs: 3c18793bbc046bb9e08e8760d79e10a8 -> 7d876089e18024672b620eaaf4a80dff
  custom:scripting/monoscript/fileName/enemyAgroZone.cs: 09aba223f5c5bb4d1d0468e9c70a1673 -> 6c97f386582314f236da33516b1efab9
  custom:container-muxer-webm: aa71ff27fc2769a1b78a27578f13a17b -> 
  custom:CustomObjectIndexerAttribute: 756ad292c208cfabdd7b50bc23989ffe -> 
  custom:container-demuxer-webm: 4f35f7cbe854078d1ac9338744f61a02 -> 
  custom:scripting/monoscript/fileName/CloudFollow.cs: 29792e68137c88b435b3365627368bc6 -> 60e200cdf9afe623b4fef037eb963996
  custom:scripting/monoscript/fileName/playerControls.cs: 60a921168e1f017f5a720f9acb18cd12 -> f38d6680a9972768abba5f059d08cf02
========================================================================
Received Import Request.
  Time since last request: 95.731587 seconds.
  path: Assets/PlayerBig.prefab
  artifactKey: Guid(a69a0bf72be7f2346970e2fc886d081a) Importer(815301076,1909f56bfc062723c751e8b465ee728b)
Start importing Assets/PlayerBig.prefab using Guid(a69a0bf72be7f2346970e2fc886d081a) Importer(815301076,1909f56bfc062723c751e8b465ee728b)  -> (artifact id: '449b2a690505c471bfcc0e5483a855b8') in 0.088982 seconds
Internal: There are remaining Allocations on the JobTempAlloc. This is a leak, and will impact performance
To Debug, run app with -diag-job-temp-memory-leak-validation cmd line argument. This will output the callstacks of the leaked allocations.
Number of updated asset objects reloaded before import = 0
Number of asset objects unloaded after import = 58
========================================================================
Received Prepare
Begin MonoManager ReloadAssembly
C:\build\output\Unity-Technologies\mono\mono\metadata\icall.c:1842:
C:\build\output\Unity-Technologies\mono\mono\metadata\icall.c:1842:
C:\build\output\Unity-Technologies\mono\mono\metadata\icall.c:1842:
C:\build\output\Unity-Technologies\mono\mono\metadata\icall.c:1842:
C:\build\output\Unity-Technologies\mono\mono\metadata\icall.c:1842:
C:\build\output\Unity-Technologies\mono\mono\metadata\icall.c:1842:
C:\build\output\Unity-Technologies\mono\mono\metadata\icall.c:1842:
C:\build\output\Unity-Technologies\mono\mono\metadata\icall.c:1842:
C:\build\output\Unity-Technologies\mono\mono\metadata\icall.c:1842:
C:\build\output\Unity-Technologies\mono\mono\metadata\icall.c:1842:
C:\build\output\Unity-Technologies\mono\mono\metadata\icall.c:1842:
C:\build\output\Unity-Technologies\mono\mono\metadata\icall.c:1842:
Symbol file LoadedFromMemory doesn't match image C:\Users\Luke\OneDrive\Documents\GitHub\Team-11-fixed\Library\PackageCache\com.unity.visualscripting@1.8.0\Editor\VisualScripting.Core\Dependencies\YamlDotNet\Unity.VisualScripting.YamlDotNet.dll
Symbol file LoadedFromMemory doesn't match image C:\Users\Luke\OneDrive\Documents\GitHub\Team-11-fixed\Library\PackageCache\com.unity.visualscripting@1.8.0\Editor\VisualScripting.Core\Dependencies\DotNetZip\Unity.VisualScripting.IonicZip.dll
- Loaded All Assemblies, in  0.891 seconds
Refreshing native plugins compatible for Editor in 5.94 ms, found 4 plugins.
Native extension for WindowsStandalone target not found
Mono: successfully reloaded assembly
- Finished resetting the current domain, in  1.369 seconds
Domain Reload Profiling: 2254ms
	BeginReloadAssembly (208ms)
		ExecutionOrderSort (0ms)
		DisableScriptedObjects (13ms)
		BackupInstance (0ms)
		ReleaseScriptingObjects (0ms)
		CreateAndSetChildDomain (46ms)
	RebuildCommonClasses (43ms)
	RebuildNativeTypeToScriptingClass (17ms)
	initialDomainReloadingComplete (34ms)
	LoadAllAssembliesAndSetupDomain (582ms)
		LoadAssemblies (354ms)
		RebuildTransferFunctionScriptingTraits (0ms)
		AnalyzeDomain (330ms)
			TypeCache.Refresh (321ms)
				TypeCache.ScanAssembly (308ms)
			ScanForSourceGeneratedMonoScriptInfo (0ms)
			ResolveRequiredComponents (8ms)
	FinalizeReload (1369ms)
		ReleaseScriptCaches (0ms)
		RebuildScriptCaches (0ms)
		SetupLoadedEditorAssemblies (654ms)
			LogAssemblyErrors (0ms)
			InitializePlatformSupportModulesInManaged (9ms)
			SetLoadedEditorAssemblies (4ms)
			BeforeProcessingInitializeOnLoad (130ms)
			ProcessInitializeOnLoadAttributes (466ms)
			ProcessInitializeOnLoadMethodAttributes (36ms)
			AfterProcessingInitializeOnLoad (9ms)
			EditorAssembliesLoaded (0ms)
		ExecutionOrderSort2 (0ms)
		AwakeInstancesAfterBackupRestoration (9ms)
Refreshing native plugins compatible for Editor in 5.87 ms, found 4 plugins.
Preloading 0 native plugins for Editor in 0.00 ms.
Unloading 4823 Unused Serialized files (Serialized files now loaded: 0)
Unloading 40 unused Assets / (93.4 KB). Loaded Objects now: 5658.
Memory consumption went from 158.8 MB to 158.7 MB.
Total: 5.169900 ms (FindLiveObjects: 0.376600 ms CreateObjectMapping: 0.566400 ms MarkObjects: 4.119400 ms  DeleteObjects: 0.106800 ms)

Prepare: number of updated asset objects reloaded= 0
AssetImportParameters requested are different than current active one (requested -> active):
  custom:scripting/monoscript/fileName/itemValue.cs: f69a7127b11a9b8b566deb4c834b3490 -> 76b03e834c3cc809239a75160e59ab39
  custom:scripting/monoscript/fileName/playerManager.cs: 84ef0c7614d528361310460d29c55d5d -> fa278fc629bee650391d87d1007e9d4f
  custom:scripting/monoscript/fileName/ItemHealth.cs: f197683c3140ac4987fc76906bf005e2 -> 6e83ce6a523189f6f5fb460bfec9c34c
  custom:video-decoder-webm-vp8: 9c59270c3fd7afecdb556c50c9e8de78 -> 
  custom:SearchIndexIgnoredProperties: e643bd26f0fe6173181afceb89e7c659 -> 
  custom:scripting/monoscript/fileName/EnemyBulletScript.cs: e7d80cb660805e36ee5a5f1e215edd4c -> e71ca06aed91363c19a7206f3db18599
  custom:audio-encoder-webm-vorbis: bf7c407c2cedff20999df2af8eb42d56 -> 
  custom:scripting/monoscript/fileName/swapEffect.cs: 0cc00060eb9fe855442098e55f47f51b -> 092546921d3567d2283bb63bbd74fda0
  custom:scripting/monoscript/fileName/EnemyManager.cs: b50740975fb3f50950e34a86a690c641 -> a5f2ce24d5a536281782526914f0e68f
  custom:scripting/monoscript/fileName/PlayerInventory.cs: 6a16196cffadf640070b73a126363a7b -> c5c7e2c06a5c2135f68eaadb62be68ca
  custom:scripting/monoscript/fileName/GroundCheck.cs: 104059698e3938b710e73a1ada3cf7f2 -> aada75943ddc5f9ec791997fb4db8e41
  custom:AudioImporter_EditorPlatform: d09bf68614088b80899f8185d706f6e7 -> 
  custom:scripting/monoscript/fileName/cameraFollow.cs: a3fe78019876429fcb14da267bffd902 -> d894ceed6075e22d3236a105a1c23932
  custom:audio-decoder-ogg-vorbis: bf7c407c2cedff20999df2af8eb42d56 -> 
  custom:scripting/monoscript/fileName/explosionEffect.cs: cd6f70cba070dfaf492cd981f8e5106d -> f7a2b1128d205f6881db76924b370bc7
  custom:video-encoder-webm-vp8: eb34c28f22e8b96e1ab97ce403110664 -> 
  custom:container-demuxer-ogg: 62fdf1f143b41e24485cea50d1cbac27 -> 
  custom:framework-win-MediaFoundation: 216162199b28c13a410421893ffa2e32 -> 
  custom:video-decoder-ogg-theora: a1e56fd34408186e4bbccfd4996cb3dc -> 
  custom:scripting/monoscript/fileName/Enemy_Shooting.cs: 481c6b4472e7963c51b9ff2968d9f6ea -> 1a20005d700cc7c18dc46972e59e8a2f
  custom:scripting/monoscript/fileName/PlayerAttackRadius.cs: 3c18793bbc046bb9e08e8760d79e10a8 -> 7d876089e18024672b620eaaf4a80dff
  custom:scripting/monoscript/fileName/enemyAgroZone.cs: 09aba223f5c5bb4d1d0468e9c70a1673 -> 6c97f386582314f236da33516b1efab9
  custom:container-muxer-webm: aa71ff27fc2769a1b78a27578f13a17b -> 
  custom:CustomObjectIndexerAttribute: 756ad292c208cfabdd7b50bc23989ffe -> 
  custom:container-demuxer-webm: 4f35f7cbe854078d1ac9338744f61a02 -> 
  custom:scripting/monoscript/fileName/CloudFollow.cs: 29792e68137c88b435b3365627368bc6 -> 60e200cdf9afe623b4fef037eb963996
  custom:scripting/monoscript/fileName/playerControls.cs: 60a921168e1f017f5a720f9acb18cd12 -> f38d6680a9972768abba5f059d08cf02
========================================================================
Received Prepare
Begin MonoManager ReloadAssembly
C:\build\output\Unity-Technologies\mono\mono\metadata\icall.c:1842:
C:\build\output\Unity-Technologies\mono\mono\metadata\icall.c:1842:
C:\build\output\Unity-Technologies\mono\mono\metadata\icall.c:1842:
C:\build\output\Unity-Technologies\mono\mono\metadata\icall.c:1842:
C:\build\output\Unity-Technologies\mono\mono\metadata\icall.c:1842:
C:\build\output\Unity-Technologies\mono\mono\metadata\icall.c:1842:
C:\build\output\Unity-Technologies\mono\mono\metadata\icall.c:1842:
C:\build\output\Unity-Technologies\mono\mono\metadata\icall.c:1842:
C:\build\output\Unity-Technologies\mono\mono\metadata\icall.c:1842:
C:\build\output\Unity-Technologies\mono\mono\metadata\icall.c:1842:
C:\build\output\Unity-Technologies\mono\mono\metadata\icall.c:1842:
C:\build\output\Unity-Technologies\mono\mono\metadata\icall.c:1842:
Symbol file LoadedFromMemory doesn't match image C:\Users\Luke\OneDrive\Documents\GitHub\Team-11-fixed\Library\PackageCache\com.unity.visualscripting@1.8.0\Editor\VisualScripting.Core\Dependencies\YamlDotNet\Unity.VisualScripting.YamlDotNet.dll
Symbol file LoadedFromMemory doesn't match image C:\Users\Luke\OneDrive\Documents\GitHub\Team-11-fixed\Library\PackageCache\com.unity.visualscripting@1.8.0\Editor\VisualScripting.Core\Dependencies\DotNetZip\Unity.VisualScripting.IonicZip.dll
- Loaded All Assemblies, in  0.891 seconds
Refreshing native plugins compatible for Editor in 5.60 ms, found 4 plugins.
Native extension for WindowsStandalone target not found
Mono: successfully reloaded assembly
- Finished resetting the current domain, in  1.390 seconds
Domain Reload Profiling: 2274ms
	BeginReloadAssembly (210ms)
		ExecutionOrderSort (0ms)
		DisableScriptedObjects (14ms)
		BackupInstance (0ms)
		ReleaseScriptingObjects (0ms)
		CreateAndSetChildDomain (50ms)
	RebuildCommonClasses (37ms)
	RebuildNativeTypeToScriptingClass (18ms)
	initialDomainReloadingComplete (36ms)
	LoadAllAssembliesAndSetupDomain (583ms)
		LoadAssemblies (355ms)
		RebuildTransferFunctionScriptingTraits (0ms)
		AnalyzeDomain (329ms)
			TypeCache.Refresh (322ms)
				TypeCache.ScanAssembly (313ms)
			ScanForSourceGeneratedMonoScriptInfo (0ms)
			ResolveRequiredComponents (6ms)
	FinalizeReload (1391ms)
		ReleaseScriptCaches (0ms)
		RebuildScriptCaches (0ms)
		SetupLoadedEditorAssemblies (672ms)
			LogAssemblyErrors (0ms)
			InitializePlatformSupportModulesInManaged (8ms)
			SetLoadedEditorAssemblies (5ms)
			BeforeProcessingInitializeOnLoad (130ms)
			ProcessInitializeOnLoadAttributes (484ms)
			ProcessInitializeOnLoadMethodAttributes (36ms)
			AfterProcessingInitializeOnLoad (8ms)
			EditorAssembliesLoaded (0ms)
		ExecutionOrderSort2 (0ms)
		AwakeInstancesAfterBackupRestoration (9ms)
Refreshing native plugins compatible for Editor in 5.94 ms, found 4 plugins.
Preloading 0 native plugins for Editor in 0.00 ms.
Unloading 4824 Unused Serialized files (Serialized files now loaded: 0)
Unloading 38 unused Assets / (92.6 KB). Loaded Objects now: 5673.
Memory consumption went from 159.0 MB to 158.9 MB.
Total: 5.731200 ms (FindLiveObjects: 0.399600 ms CreateObjectMapping: 0.571900 ms MarkObjects: 4.639200 ms  DeleteObjects: 0.119400 ms)

Prepare: number of updated asset objects reloaded= 0
AssetImportParameters requested are different than current active one (requested -> active):
  custom:scripting/monoscript/fileName/itemValue.cs: f69a7127b11a9b8b566deb4c834b3490 -> 76b03e834c3cc809239a75160e59ab39
  custom:scripting/monoscript/fileName/playerManager.cs: 84ef0c7614d528361310460d29c55d5d -> fa278fc629bee650391d87d1007e9d4f
  custom:scripting/monoscript/fileName/ItemHealth.cs: f197683c3140ac4987fc76906bf005e2 -> 6e83ce6a523189f6f5fb460bfec9c34c
  custom:video-decoder-webm-vp8: 9c59270c3fd7afecdb556c50c9e8de78 -> 
  custom:SearchIndexIgnoredProperties: e643bd26f0fe6173181afceb89e7c659 -> 
  custom:scripting/monoscript/fileName/EnemyBulletScript.cs: e7d80cb660805e36ee5a5f1e215edd4c -> e71ca06aed91363c19a7206f3db18599
  custom:audio-encoder-webm-vorbis: bf7c407c2cedff20999df2af8eb42d56 -> 
  custom:scripting/monoscript/fileName/swapEffect.cs: 0cc00060eb9fe855442098e55f47f51b -> 092546921d3567d2283bb63bbd74fda0
  custom:scripting/monoscript/fileName/EnemyManager.cs: b50740975fb3f50950e34a86a690c641 -> a5f2ce24d5a536281782526914f0e68f
  custom:scripting/monoscript/fileName/PlayerInventory.cs: 6a16196cffadf640070b73a126363a7b -> c5c7e2c06a5c2135f68eaadb62be68ca
  custom:scripting/monoscript/fileName/GroundCheck.cs: 104059698e3938b710e73a1ada3cf7f2 -> aada75943ddc5f9ec791997fb4db8e41
  custom:AudioImporter_EditorPlatform: d09bf68614088b80899f8185d706f6e7 -> 
  custom:scripting/monoscript/fileName/cameraFollow.cs: a3fe78019876429fcb14da267bffd902 -> d894ceed6075e22d3236a105a1c23932
  custom:audio-decoder-ogg-vorbis: bf7c407c2cedff20999df2af8eb42d56 -> 
  custom:scripting/monoscript/fileName/explosionEffect.cs: cd6f70cba070dfaf492cd981f8e5106d -> f7a2b1128d205f6881db76924b370bc7
  custom:video-encoder-webm-vp8: eb34c28f22e8b96e1ab97ce403110664 -> 
  custom:container-demuxer-ogg: 62fdf1f143b41e24485cea50d1cbac27 -> 
  custom:framework-win-MediaFoundation: 216162199b28c13a410421893ffa2e32 -> 
  custom:video-decoder-ogg-theora: a1e56fd34408186e4bbccfd4996cb3dc -> 
  custom:scripting/monoscript/fileName/Enemy_Shooting.cs: 481c6b4472e7963c51b9ff2968d9f6ea -> 1a20005d700cc7c18dc46972e59e8a2f
  custom:scripting/monoscript/fileName/PlayerAttackRadius.cs: 3c18793bbc046bb9e08e8760d79e10a8 -> 7d876089e18024672b620eaaf4a80dff
  custom:scripting/monoscript/fileName/enemyAgroZone.cs: 09aba223f5c5bb4d1d0468e9c70a1673 -> 6c97f386582314f236da33516b1efab9
  custom:container-muxer-webm: aa71ff27fc2769a1b78a27578f13a17b -> 
  custom:CustomObjectIndexerAttribute: 756ad292c208cfabdd7b50bc23989ffe -> 
  custom:container-demuxer-webm: 4f35f7cbe854078d1ac9338744f61a02 -> 
  custom:scripting/monoscript/fileName/CloudFollow.cs: 29792e68137c88b435b3365627368bc6 -> 60e200cdf9afe623b4fef037eb963996
  custom:scripting/monoscript/fileName/playerControls.cs: 60a921168e1f017f5a720f9acb18cd12 -> f38d6680a9972768abba5f059d08cf02
========================================================================
Received Prepare
Begin MonoManager ReloadAssembly
C:\build\output\Unity-Technologies\mono\mono\metadata\icall.c:1842:
C:\build\output\Unity-Technologies\mono\mono\metadata\icall.c:1842:
C:\build\output\Unity-Technologies\mono\mono\metadata\icall.c:1842:
C:\build\output\Unity-Technologies\mono\mono\metadata\icall.c:1842:
C:\build\output\Unity-Technologies\mono\mono\metadata\icall.c:1842:
C:\build\output\Unity-Technologies\mono\mono\metadata\icall.c:1842:
C:\build\output\Unity-Technologies\mono\mono\metadata\icall.c:1842:
C:\build\output\Unity-Technologies\mono\mono\metadata\icall.c:1842:
C:\build\output\Unity-Technologies\mono\mono\metadata\icall.c:1842:
C:\build\output\Unity-Technologies\mono\mono\metadata\icall.c:1842:
C:\build\output\Unity-Technologies\mono\mono\metadata\icall.c:1842:
C:\build\output\Unity-Technologies\mono\mono\metadata\icall.c:1842:
Symbol file LoadedFromMemory doesn't match image C:\Users\Luke\OneDrive\Documents\GitHub\Team-11-fixed\Library\PackageCache\com.unity.visualscripting@1.8.0\Editor\VisualScripting.Core\Dependencies\YamlDotNet\Unity.VisualScripting.YamlDotNet.dll
Symbol file LoadedFromMemory doesn't match image C:\Users\Luke\OneDrive\Documents\GitHub\Team-11-fixed\Library\PackageCache\com.unity.visualscripting@1.8.0\Editor\VisualScripting.Core\Dependencies\DotNetZip\Unity.VisualScripting.IonicZip.dll
- Loaded All Assemblies, in  0.943 seconds
Refreshing native plugins compatible for Editor in 5.44 ms, found 4 plugins.
Native extension for WindowsStandalone target not found
Mono: successfully reloaded assembly
- Finished resetting the current domain, in  1.880 seconds
Domain Reload Profiling: 2817ms
	BeginReloadAssembly (216ms)
		ExecutionOrderSort (0ms)
		DisableScriptedObjects (17ms)
		BackupInstance (0ms)
		ReleaseScriptingObjects (0ms)
		CreateAndSetChildDomain (46ms)
	RebuildCommonClasses (41ms)
	RebuildNativeTypeToScriptingClass (14ms)
	initialDomainReloadingComplete (33ms)
	LoadAllAssembliesAndSetupDomain (634ms)
		LoadAssemblies (384ms)
		RebuildTransferFunctionScriptingTraits (0ms)
		AnalyzeDomain (352ms)
			TypeCache.Refresh (338ms)
				TypeCache.ScanAssembly (325ms)
			ScanForSourceGeneratedMonoScriptInfo (5ms)
			ResolveRequiredComponents (8ms)
	FinalizeReload (1880ms)
		ReleaseScriptCaches (0ms)
		RebuildScriptCaches (0ms)
		SetupLoadedEditorAssemblies (584ms)
			LogAssemblyErrors (0ms)
			InitializePlatformSupportModulesInManaged (7ms)
			SetLoadedEditorAssemblies (4ms)
			BeforeProcessingInitializeOnLoad (114ms)
			ProcessInitializeOnLoadAttributes (416ms)
			ProcessInitializeOnLoadMethodAttributes (35ms)
			AfterProcessingInitializeOnLoad (8ms)
			EditorAssembliesLoaded (0ms)
		ExecutionOrderSort2 (0ms)
		AwakeInstancesAfterBackupRestoration (7ms)
Refreshing native plugins compatible for Editor in 5.09 ms, found 4 plugins.
Preloading 0 native plugins for Editor in 0.00 ms.
Unloading 4824 Unused Serialized files (Serialized files now loaded: 0)
Unloading 38 unused Assets / (92.7 KB). Loaded Objects now: 5688.
Memory consumption went from 159.0 MB to 159.0 MB.
Total: 5.518800 ms (FindLiveObjects: 0.530400 ms CreateObjectMapping: 0.660200 ms MarkObjects: 4.250000 ms  DeleteObjects: 0.077200 ms)

Prepare: number of updated asset objects reloaded= 0
AssetImportParameters requested are different than current active one (requested -> active):
  custom:scripting/monoscript/fileName/itemValue.cs: f69a7127b11a9b8b566deb4c834b3490 -> 76b03e834c3cc809239a75160e59ab39
  custom:scripting/monoscript/fileName/playerManager.cs: 84ef0c7614d528361310460d29c55d5d -> fa278fc629bee650391d87d1007e9d4f
  custom:scripting/monoscript/fileName/ItemHealth.cs: f197683c3140ac4987fc76906bf005e2 -> 6e83ce6a523189f6f5fb460bfec9c34c
  custom:video-decoder-webm-vp8: 9c59270c3fd7afecdb556c50c9e8de78 -> 
  custom:SearchIndexIgnoredProperties: e643bd26f0fe6173181afceb89e7c659 -> 
  custom:scripting/monoscript/fileName/EnemyBulletScript.cs: e7d80cb660805e36ee5a5f1e215edd4c -> e71ca06aed91363c19a7206f3db18599
  custom:audio-encoder-webm-vorbis: bf7c407c2cedff20999df2af8eb42d56 -> 
  custom:scripting/monoscript/fileName/swapEffect.cs: 0cc00060eb9fe855442098e55f47f51b -> 092546921d3567d2283bb63bbd74fda0
  custom:scripting/monoscript/fileName/EnemyManager.cs: b50740975fb3f50950e34a86a690c641 -> a5f2ce24d5a536281782526914f0e68f
  custom:scripting/monoscript/fileName/PlayerInventory.cs: 6a16196cffadf640070b73a126363a7b -> c5c7e2c06a5c2135f68eaadb62be68ca
  custom:scripting/monoscript/fileName/GroundCheck.cs: 104059698e3938b710e73a1ada3cf7f2 -> aada75943ddc5f9ec791997fb4db8e41
  custom:AudioImporter_EditorPlatform: d09bf68614088b80899f8185d706f6e7 -> 
  custom:scripting/monoscript/fileName/cameraFollow.cs: a3fe78019876429fcb14da267bffd902 -> d894ceed6075e22d3236a105a1c23932
  custom:audio-decoder-ogg-vorbis: bf7c407c2cedff20999df2af8eb42d56 -> 
  custom:scripting/monoscript/fileName/explosionEffect.cs: cd6f70cba070dfaf492cd981f8e5106d -> f7a2b1128d205f6881db76924b370bc7
  custom:video-encoder-webm-vp8: eb34c28f22e8b96e1ab97ce403110664 -> 
  custom:container-demuxer-ogg: 62fdf1f143b41e24485cea50d1cbac27 -> 
  custom:framework-win-MediaFoundation: 216162199b28c13a410421893ffa2e32 -> 
  custom:video-decoder-ogg-theora: a1e56fd34408186e4bbccfd4996cb3dc -> 
  custom:scripting/monoscript/fileName/Enemy_Shooting.cs: 481c6b4472e7963c51b9ff2968d9f6ea -> 1a20005d700cc7c18dc46972e59e8a2f
  custom:scripting/monoscript/fileName/PlayerAttackRadius.cs: 3c18793bbc046bb9e08e8760d79e10a8 -> 7d876089e18024672b620eaaf4a80dff
  custom:scripting/monoscript/fileName/enemyAgroZone.cs: 09aba223f5c5bb4d1d0468e9c70a1673 -> 6c97f386582314f236da33516b1efab9
  custom:container-muxer-webm: aa71ff27fc2769a1b78a27578f13a17b -> 
  custom:CustomObjectIndexerAttribute: 756ad292c208cfabdd7b50bc23989ffe -> 
  custom:container-demuxer-webm: 4f35f7cbe854078d1ac9338744f61a02 -> 
  custom:scripting/monoscript/fileName/CloudFollow.cs: 29792e68137c88b435b3365627368bc6 -> 60e200cdf9afe623b4fef037eb963996
  custom:scripting/monoscript/fileName/playerControls.cs: 60a921168e1f017f5a720f9acb18cd12 -> f38d6680a9972768abba5f059d08cf02
========================================================================
Received Prepare
Begin MonoManager ReloadAssembly
C:\build\output\Unity-Technologies\mono\mono\metadata\icall.c:1842:
C:\build\output\Unity-Technologies\mono\mono\metadata\icall.c:1842:
C:\build\output\Unity-Technologies\mono\mono\metadata\icall.c:1842:
C:\build\output\Unity-Technologies\mono\mono\metadata\icall.c:1842:
C:\build\output\Unity-Technologies\mono\mono\metadata\icall.c:1842:
C:\build\output\Unity-Technologies\mono\mono\metadata\icall.c:1842:
C:\build\output\Unity-Technologies\mono\mono\metadata\icall.c:1842:
C:\build\output\Unity-Technologies\mono\mono\metadata\icall.c:1842:
C:\build\output\Unity-Technologies\mono\mono\metadata\icall.c:1842:
C:\build\output\Unity-Technologies\mono\mono\metadata\icall.c:1842:
C:\build\output\Unity-Technologies\mono\mono\metadata\icall.c:1842:
C:\build\output\Unity-Technologies\mono\mono\metadata\icall.c:1842:
Symbol file LoadedFromMemory doesn't match image C:\Users\Luke\OneDrive\Documents\GitHub\Team-11-fixed\Library\PackageCache\com.unity.visualscripting@1.8.0\Editor\VisualScripting.Core\Dependencies\YamlDotNet\Unity.VisualScripting.YamlDotNet.dll
Symbol file LoadedFromMemory doesn't match image C:\Users\Luke\OneDrive\Documents\GitHub\Team-11-fixed\Library\PackageCache\com.unity.visualscripting@1.8.0\Editor\VisualScripting.Core\Dependencies\DotNetZip\Unity.VisualScripting.IonicZip.dll
- Loaded All Assemblies, in  0.874 seconds
Refreshing native plugins compatible for Editor in 5.17 ms, found 4 plugins.
Native extension for WindowsStandalone target not found
Mono: successfully reloaded assembly
- Finished resetting the current domain, in  1.221 seconds
Domain Reload Profiling: 2090ms
	BeginReloadAssembly (194ms)
		ExecutionOrderSort (0ms)
		DisableScriptedObjects (14ms)
		BackupInstance (0ms)
		ReleaseScriptingObjects (0ms)
		CreateAndSetChildDomain (42ms)
	RebuildCommonClasses (39ms)
	RebuildNativeTypeToScriptingClass (15ms)
	initialDomainReloadingComplete (32ms)
	LoadAllAssembliesAndSetupDomain (588ms)
		LoadAssemblies (351ms)
		RebuildTransferFunctionScriptingTraits (0ms)
		AnalyzeDomain (326ms)
			TypeCache.Refresh (319ms)
				TypeCache.ScanAssembly (310ms)
			ScanForSourceGeneratedMonoScriptInfo (0ms)
			ResolveRequiredComponents (6ms)
	FinalizeReload (1221ms)
		ReleaseScriptCaches (0ms)
		RebuildScriptCaches (0ms)
		SetupLoadedEditorAssemblies (558ms)
			LogAssemblyErrors (0ms)
			InitializePlatformSupportModulesInManaged (6ms)
			SetLoadedEditorAssemblies (4ms)
			BeforeProcessingInitializeOnLoad (110ms)
			ProcessInitializeOnLoadAttributes (399ms)
			ProcessInitializeOnLoadMethodAttributes (32ms)
			AfterProcessingInitializeOnLoad (6ms)
			EditorAssembliesLoaded (0ms)
		ExecutionOrderSort2 (0ms)
		AwakeInstancesAfterBackupRestoration (9ms)
Refreshing native plugins compatible for Editor in 5.03 ms, found 4 plugins.
Preloading 0 native plugins for Editor in 0.00 ms.
Unloading 4824 Unused Serialized files (Serialized files now loaded: 0)
Unloading 38 unused Assets / (92.7 KB). Loaded Objects now: 5703.
Memory consumption went from 159.0 MB to 158.9 MB.
Total: 5.944900 ms (FindLiveObjects: 0.397200 ms CreateObjectMapping: 0.498900 ms MarkObjects: 4.957100 ms  DeleteObjects: 0.090700 ms)

Prepare: number of updated asset objects reloaded= 0
AssetImportParameters requested are different than current active one (requested -> active):
  custom:scripting/monoscript/fileName/itemValue.cs: f69a7127b11a9b8b566deb4c834b3490 -> 76b03e834c3cc809239a75160e59ab39
  custom:scripting/monoscript/fileName/playerManager.cs: 84ef0c7614d528361310460d29c55d5d -> fa278fc629bee650391d87d1007e9d4f
  custom:scripting/monoscript/fileName/ItemHealth.cs: f197683c3140ac4987fc76906bf005e2 -> 6e83ce6a523189f6f5fb460bfec9c34c
  custom:video-decoder-webm-vp8: 9c59270c3fd7afecdb556c50c9e8de78 -> 
  custom:SearchIndexIgnoredProperties: e643bd26f0fe6173181afceb89e7c659 -> 
  custom:scripting/monoscript/fileName/EnemyBulletScript.cs: e7d80cb660805e36ee5a5f1e215edd4c -> e71ca06aed91363c19a7206f3db18599
  custom:audio-encoder-webm-vorbis: bf7c407c2cedff20999df2af8eb42d56 -> 
  custom:scripting/monoscript/fileName/swapEffect.cs: 0cc00060eb9fe855442098e55f47f51b -> 092546921d3567d2283bb63bbd74fda0
  custom:scripting/monoscript/fileName/EnemyManager.cs: b50740975fb3f50950e34a86a690c641 -> a5f2ce24d5a536281782526914f0e68f
  custom:scripting/monoscript/fileName/PlayerInventory.cs: 6a16196cffadf640070b73a126363a7b -> c5c7e2c06a5c2135f68eaadb62be68ca
  custom:scripting/monoscript/fileName/GroundCheck.cs: 104059698e3938b710e73a1ada3cf7f2 -> aada75943ddc5f9ec791997fb4db8e41
  custom:AudioImporter_EditorPlatform: d09bf68614088b80899f8185d706f6e7 -> 
  custom:scripting/monoscript/fileName/cameraFollow.cs: a3fe78019876429fcb14da267bffd902 -> d894ceed6075e22d3236a105a1c23932
  custom:audio-decoder-ogg-vorbis: bf7c407c2cedff20999df2af8eb42d56 -> 
  custom:scripting/monoscript/fileName/explosionEffect.cs: cd6f70cba070dfaf492cd981f8e5106d -> f7a2b1128d205f6881db76924b370bc7
  custom:video-encoder-webm-vp8: eb34c28f22e8b96e1ab97ce403110664 -> 
  custom:container-demuxer-ogg: 62fdf1f143b41e24485cea50d1cbac27 -> 
  custom:framework-win-MediaFoundation: 216162199b28c13a410421893ffa2e32 -> 
  custom:video-decoder-ogg-theora: a1e56fd34408186e4bbccfd4996cb3dc -> 
  custom:scripting/monoscript/fileName/Enemy_Shooting.cs: 481c6b4472e7963c51b9ff2968d9f6ea -> 1a20005d700cc7c18dc46972e59e8a2f
  custom:scripting/monoscript/fileName/PlayerAttackRadius.cs: 3c18793bbc046bb9e08e8760d79e10a8 -> 7d876089e18024672b620eaaf4a80dff
  custom:scripting/monoscript/fileName/enemyAgroZone.cs: 09aba223f5c5bb4d1d0468e9c70a1673 -> 6c97f386582314f236da33516b1efab9
  custom:container-muxer-webm: aa71ff27fc2769a1b78a27578f13a17b -> 
  custom:CustomObjectIndexerAttribute: 756ad292c208cfabdd7b50bc23989ffe -> 
  custom:container-demuxer-webm: 4f35f7cbe854078d1ac9338744f61a02 -> 
  custom:scripting/monoscript/fileName/CloudFollow.cs: 29792e68137c88b435b3365627368bc6 -> 60e200cdf9afe623b4fef037eb963996
  custom:scripting/monoscript/fileName/playerControls.cs: 60a921168e1f017f5a720f9acb18cd12 -> f38d6680a9972768abba5f059d08cf02
========================================================================
Received Import Request.
  Time since last request: 163.466485 seconds.
  path: Assets/PlayerSmall.prefab
  artifactKey: Guid(7cff3a68d8f63ec4ca50314f3a56c762) Importer(815301076,1909f56bfc062723c751e8b465ee728b)
Start importing Assets/PlayerSmall.prefab using Guid(7cff3a68d8f63ec4ca50314f3a56c762) Importer(815301076,1909f56bfc062723c751e8b465ee728b)  -> (artifact id: '24a807696c9a7afe210299a4eda1f77d') in 0.100233 seconds
Internal: There are remaining Allocations on the JobTempAlloc. This is a leak, and will impact performance
To Debug, run app with -diag-job-temp-memory-leak-validation cmd line argument. This will output the callstacks of the leaked allocations.
Number of updated asset objects reloaded before import = 0
Number of asset objects unloaded after import = 51
========================================================================
Received Import Request.
  Time since last request: 0.000019 seconds.
  path: Assets/PlayerNormal.prefab
  artifactKey: Guid(666e7b60bac03524192b22a966d4f183) Importer(815301076,1909f56bfc062723c751e8b465ee728b)
Start importing Assets/PlayerNormal.prefab using Guid(666e7b60bac03524192b22a966d4f183) Importer(815301076,1909f56bfc062723c751e8b465ee728b)  -> (artifact id: '671cf624110cfb375b9a505aabd6c306') in 0.017748 seconds
Internal: There are remaining Allocations on the JobTempAlloc. This is a leak, and will impact performance
To Debug, run app with -diag-job-temp-memory-leak-validation cmd line argument. This will output the callstacks of the leaked allocations.
Number of updated asset objects reloaded before import = 0
Number of asset objects unloaded after import = 87
========================================================================
Received Prepare
Begin MonoManager ReloadAssembly
C:\build\output\Unity-Technologies\mono\mono\metadata\icall.c:1842:
C:\build\output\Unity-Technologies\mono\mono\metadata\icall.c:1842:
C:\build\output\Unity-Technologies\mono\mono\metadata\icall.c:1842:
C:\build\output\Unity-Technologies\mono\mono\metadata\icall.c:1842:
C:\build\output\Unity-Technologies\mono\mono\metadata\icall.c:1842:
C:\build\output\Unity-Technologies\mono\mono\metadata\icall.c:1842:
C:\build\output\Unity-Technologies\mono\mono\metadata\icall.c:1842:
C:\build\output\Unity-Technologies\mono\mono\metadata\icall.c:1842:
C:\build\output\Unity-Technologies\mono\mono\metadata\icall.c:1842:
C:\build\output\Unity-Technologies\mono\mono\metadata\icall.c:1842:
C:\build\output\Unity-Technologies\mono\mono\metadata\icall.c:1842:
C:\build\output\Unity-Technologies\mono\mono\metadata\icall.c:1842:
Symbol file LoadedFromMemory doesn't match image C:\Users\Luke\OneDrive\Documents\GitHub\Team-11-fixed\Library\PackageCache\com.unity.visualscripting@1.8.0\Editor\VisualScripting.Core\Dependencies\YamlDotNet\Unity.VisualScripting.YamlDotNet.dll
Symbol file LoadedFromMemory doesn't match image C:\Users\Luke\OneDrive\Documents\GitHub\Team-11-fixed\Library\PackageCache\com.unity.visualscripting@1.8.0\Editor\VisualScripting.Core\Dependencies\DotNetZip\Unity.VisualScripting.IonicZip.dll
- Loaded All Assemblies, in  0.880 seconds
Refreshing native plugins compatible for Editor in 4.99 ms, found 4 plugins.
Native extension for WindowsStandalone target not found
Mono: successfully reloaded assembly
- Finished resetting the current domain, in  1.344 seconds
Domain Reload Profiling: 2218ms
	BeginReloadAssembly (204ms)
		ExecutionOrderSort (0ms)
		DisableScriptedObjects (13ms)
		BackupInstance (0ms)
		ReleaseScriptingObjects (0ms)
		CreateAndSetChildDomain (52ms)
	RebuildCommonClasses (45ms)
	RebuildNativeTypeToScriptingClass (15ms)
	initialDomainReloadingComplete (35ms)
	LoadAllAssembliesAndSetupDomain (574ms)
		LoadAssemblies (359ms)
		RebuildTransferFunctionScriptingTraits (0ms)
		AnalyzeDomain (308ms)
			TypeCache.Refresh (301ms)
				TypeCache.ScanAssembly (291ms)
			ScanForSourceGeneratedMonoScriptInfo (0ms)
			ResolveRequiredComponents (6ms)
	FinalizeReload (1345ms)
		ReleaseScriptCaches (0ms)
		RebuildScriptCaches (0ms)
		SetupLoadedEditorAssemblies (639ms)
			LogAssemblyErrors (0ms)
			InitializePlatformSupportModulesInManaged (8ms)
			SetLoadedEditorAssemblies (4ms)
			BeforeProcessingInitializeOnLoad (124ms)
			ProcessInitializeOnLoadAttributes (460ms)
			ProcessInitializeOnLoadMethodAttributes (35ms)
			AfterProcessingInitializeOnLoad (8ms)
			EditorAssembliesLoaded (0ms)
		ExecutionOrderSort2 (0ms)
		AwakeInstancesAfterBackupRestoration (9ms)
Refreshing native plugins compatible for Editor in 5.80 ms, found 4 plugins.
Preloading 0 native plugins for Editor in 0.00 ms.
Unloading 4823 Unused Serialized files (Serialized files now loaded: 0)
Unloading 40 unused Assets / (93.6 KB). Loaded Objects now: 5718.
Memory consumption went from 158.9 MB to 158.8 MB.
Total: 5.434800 ms (FindLiveObjects: 0.396900 ms CreateObjectMapping: 0.436400 ms MarkObjects: 4.476500 ms  DeleteObjects: 0.124000 ms)

Prepare: number of updated asset objects reloaded= 0
AssetImportParameters requested are different than current active one (requested -> active):
  custom:scripting/monoscript/fileName/itemValue.cs: f69a7127b11a9b8b566deb4c834b3490 -> 76b03e834c3cc809239a75160e59ab39
  custom:scripting/monoscript/fileName/playerManager.cs: 84ef0c7614d528361310460d29c55d5d -> fa278fc629bee650391d87d1007e9d4f
  custom:scripting/monoscript/fileName/ItemHealth.cs: f197683c3140ac4987fc76906bf005e2 -> 6e83ce6a523189f6f5fb460bfec9c34c
  custom:video-decoder-webm-vp8: 9c59270c3fd7afecdb556c50c9e8de78 -> 
  custom:SearchIndexIgnoredProperties: e643bd26f0fe6173181afceb89e7c659 -> 
  custom:scripting/monoscript/fileName/EnemyBulletScript.cs: e7d80cb660805e36ee5a5f1e215edd4c -> e71ca06aed91363c19a7206f3db18599
  custom:audio-encoder-webm-vorbis: bf7c407c2cedff20999df2af8eb42d56 -> 
  custom:scripting/monoscript/fileName/swapEffect.cs: 0cc00060eb9fe855442098e55f47f51b -> 092546921d3567d2283bb63bbd74fda0
  custom:scripting/monoscript/fileName/EnemyManager.cs: b50740975fb3f50950e34a86a690c641 -> a5f2ce24d5a536281782526914f0e68f
  custom:scripting/monoscript/fileName/PlayerInventory.cs: 6a16196cffadf640070b73a126363a7b -> c5c7e2c06a5c2135f68eaadb62be68ca
  custom:scripting/monoscript/fileName/GroundCheck.cs: 104059698e3938b710e73a1ada3cf7f2 -> aada75943ddc5f9ec791997fb4db8e41
  custom:AudioImporter_EditorPlatform: d09bf68614088b80899f8185d706f6e7 -> 
  custom:scripting/monoscript/fileName/cameraFollow.cs: a3fe78019876429fcb14da267bffd902 -> d894ceed6075e22d3236a105a1c23932
  custom:audio-decoder-ogg-vorbis: bf7c407c2cedff20999df2af8eb42d56 -> 
  custom:scripting/monoscript/fileName/explosionEffect.cs: cd6f70cba070dfaf492cd981f8e5106d -> f7a2b1128d205f6881db76924b370bc7
  custom:video-encoder-webm-vp8: eb34c28f22e8b96e1ab97ce403110664 -> 
  custom:container-demuxer-ogg: 62fdf1f143b41e24485cea50d1cbac27 -> 
  custom:framework-win-MediaFoundation: 216162199b28c13a410421893ffa2e32 -> 
  custom:video-decoder-ogg-theora: a1e56fd34408186e4bbccfd4996cb3dc -> 
  custom:scripting/monoscript/fileName/Enemy_Shooting.cs: 481c6b4472e7963c51b9ff2968d9f6ea -> 1a20005d700cc7c18dc46972e59e8a2f
  custom:scripting/monoscript/fileName/PlayerAttackRadius.cs: 3c18793bbc046bb9e08e8760d79e10a8 -> 7d876089e18024672b620eaaf4a80dff
  custom:scripting/monoscript/fileName/enemyAgroZone.cs: 09aba223f5c5bb4d1d0468e9c70a1673 -> 6c97f386582314f236da33516b1efab9
  custom:container-muxer-webm: aa71ff27fc2769a1b78a27578f13a17b -> 
  custom:CustomObjectIndexerAttribute: 756ad292c208cfabdd7b50bc23989ffe -> 
  custom:container-demuxer-webm: 4f35f7cbe854078d1ac9338744f61a02 -> 
  custom:scripting/monoscript/fileName/CloudFollow.cs: 29792e68137c88b435b3365627368bc6 -> 60e200cdf9afe623b4fef037eb963996
  custom:scripting/monoscript/fileName/playerControls.cs: 60a921168e1f017f5a720f9acb18cd12 -> f38d6680a9972768abba5f059d08cf02
========================================================================
Received Prepare
Begin MonoManager ReloadAssembly
C:\build\output\Unity-Technologies\mono\mono\metadata\icall.c:1842:
C:\build\output\Unity-Technologies\mono\mono\metadata\icall.c:1842:
C:\build\output\Unity-Technologies\mono\mono\metadata\icall.c:1842:
C:\build\output\Unity-Technologies\mono\mono\metadata\icall.c:1842:
C:\build\output\Unity-Technologies\mono\mono\metadata\icall.c:1842:
C:\build\output\Unity-Technologies\mono\mono\metadata\icall.c:1842:
C:\build\output\Unity-Technologies\mono\mono\metadata\icall.c:1842:
C:\build\output\Unity-Technologies\mono\mono\metadata\icall.c:1842:
C:\build\output\Unity-Technologies\mono\mono\metadata\icall.c:1842:
C:\build\output\Unity-Technologies\mono\mono\metadata\icall.c:1842:
C:\build\output\Unity-Technologies\mono\mono\metadata\icall.c:1842:
C:\build\output\Unity-Technologies\mono\mono\metadata\icall.c:1842:
Symbol file LoadedFromMemory doesn't match image C:\Users\Luke\OneDrive\Documents\GitHub\Team-11-fixed\Library\PackageCache\com.unity.visualscripting@1.8.0\Editor\VisualScripting.Core\Dependencies\YamlDotNet\Unity.VisualScripting.YamlDotNet.dll
Symbol file LoadedFromMemory doesn't match image C:\Users\Luke\OneDrive\Documents\GitHub\Team-11-fixed\Library\PackageCache\com.unity.visualscripting@1.8.0\Editor\VisualScripting.Core\Dependencies\DotNetZip\Unity.VisualScripting.IonicZip.dll
- Loaded All Assemblies, in  0.855 seconds
Refreshing native plugins compatible for Editor in 6.50 ms, found 4 plugins.
Native extension for WindowsStandalone target not found
Mono: successfully reloaded assembly
- Finished resetting the current domain, in  1.387 seconds
Domain Reload Profiling: 2236ms
	BeginReloadAssembly (200ms)
		ExecutionOrderSort (0ms)
		DisableScriptedObjects (14ms)
		BackupInstance (0ms)
		ReleaseScriptingObjects (0ms)
		CreateAndSetChildDomain (43ms)
	RebuildCommonClasses (43ms)
	RebuildNativeTypeToScriptingClass (14ms)
	initialDomainReloadingComplete (30ms)
	LoadAllAssembliesAndSetupDomain (563ms)
		LoadAssemblies (350ms)
		RebuildTransferFunctionScriptingTraits (0ms)
		AnalyzeDomain (312ms)
			TypeCache.Refresh (305ms)
				TypeCache.ScanAssembly (292ms)
			ScanForSourceGeneratedMonoScriptInfo (0ms)
			ResolveRequiredComponents (6ms)
	FinalizeReload (1388ms)
		ReleaseScriptCaches (0ms)
		RebuildScriptCaches (0ms)
		SetupLoadedEditorAssemblies (644ms)
			LogAssemblyErrors (0ms)
			InitializePlatformSupportModulesInManaged (8ms)
			SetLoadedEditorAssemblies (4ms)
			BeforeProcessingInitializeOnLoad (115ms)
			ProcessInitializeOnLoadAttributes (468ms)
			ProcessInitializeOnLoadMethodAttributes (39ms)
			AfterProcessingInitializeOnLoad (9ms)
			EditorAssembliesLoaded (0ms)
		ExecutionOrderSort2 (0ms)
		AwakeInstancesAfterBackupRestoration (8ms)
Refreshing native plugins compatible for Editor in 6.41 ms, found 4 plugins.
Preloading 0 native plugins for Editor in 0.00 ms.
Unloading 4824 Unused Serialized files (Serialized files now loaded: 0)
Unloading 38 unused Assets / (92.7 KB). Loaded Objects now: 5733.
Memory consumption went from 159.2 MB to 159.1 MB.
Total: 5.759900 ms (FindLiveObjects: 0.400700 ms CreateObjectMapping: 0.549900 ms MarkObjects: 4.730900 ms  DeleteObjects: 0.077600 ms)

Prepare: number of updated asset objects reloaded= 0
AssetImportParameters requested are different than current active one (requested -> active):
  custom:scripting/monoscript/fileName/itemValue.cs: f69a7127b11a9b8b566deb4c834b3490 -> 76b03e834c3cc809239a75160e59ab39
  custom:scripting/monoscript/fileName/playerManager.cs: 84ef0c7614d528361310460d29c55d5d -> fa278fc629bee650391d87d1007e9d4f
  custom:scripting/monoscript/fileName/ItemHealth.cs: f197683c3140ac4987fc76906bf005e2 -> 6e83ce6a523189f6f5fb460bfec9c34c
  custom:video-decoder-webm-vp8: 9c59270c3fd7afecdb556c50c9e8de78 -> 
  custom:SearchIndexIgnoredProperties: e643bd26f0fe6173181afceb89e7c659 -> 
  custom:scripting/monoscript/fileName/EnemyBulletScript.cs: e7d80cb660805e36ee5a5f1e215edd4c -> e71ca06aed91363c19a7206f3db18599
  custom:audio-encoder-webm-vorbis: bf7c407c2cedff20999df2af8eb42d56 -> 
  custom:scripting/monoscript/fileName/swapEffect.cs: 0cc00060eb9fe855442098e55f47f51b -> 092546921d3567d2283bb63bbd74fda0
  custom:scripting/monoscript/fileName/EnemyManager.cs: b50740975fb3f50950e34a86a690c641 -> a5f2ce24d5a536281782526914f0e68f
  custom:scripting/monoscript/fileName/PlayerInventory.cs: 6a16196cffadf640070b73a126363a7b -> c5c7e2c06a5c2135f68eaadb62be68ca
  custom:scripting/monoscript/fileName/GroundCheck.cs: 104059698e3938b710e73a1ada3cf7f2 -> aada75943ddc5f9ec791997fb4db8e41
  custom:AudioImporter_EditorPlatform: d09bf68614088b80899f8185d706f6e7 -> 
  custom:scripting/monoscript/fileName/cameraFollow.cs: a3fe78019876429fcb14da267bffd902 -> d894ceed6075e22d3236a105a1c23932
  custom:audio-decoder-ogg-vorbis: bf7c407c2cedff20999df2af8eb42d56 -> 
  custom:scripting/monoscript/fileName/explosionEffect.cs: cd6f70cba070dfaf492cd981f8e5106d -> f7a2b1128d205f6881db76924b370bc7
  custom:video-encoder-webm-vp8: eb34c28f22e8b96e1ab97ce403110664 -> 
  custom:container-demuxer-ogg: 62fdf1f143b41e24485cea50d1cbac27 -> 
  custom:framework-win-MediaFoundation: 216162199b28c13a410421893ffa2e32 -> 
  custom:video-decoder-ogg-theora: a1e56fd34408186e4bbccfd4996cb3dc -> 
  custom:scripting/monoscript/fileName/Enemy_Shooting.cs: 481c6b4472e7963c51b9ff2968d9f6ea -> 1a20005d700cc7c18dc46972e59e8a2f
  custom:scripting/monoscript/fileName/PlayerAttackRadius.cs: 3c18793bbc046bb9e08e8760d79e10a8 -> 7d876089e18024672b620eaaf4a80dff
  custom:scripting/monoscript/fileName/enemyAgroZone.cs: 09aba223f5c5bb4d1d0468e9c70a1673 -> 6c97f386582314f236da33516b1efab9
  custom:container-muxer-webm: aa71ff27fc2769a1b78a27578f13a17b -> 
  custom:CustomObjectIndexerAttribute: 756ad292c208cfabdd7b50bc23989ffe -> 
  custom:container-demuxer-webm: 4f35f7cbe854078d1ac9338744f61a02 -> 
  custom:scripting/monoscript/fileName/CloudFollow.cs: 29792e68137c88b435b3365627368bc6 -> 60e200cdf9afe623b4fef037eb963996
  custom:scripting/monoscript/fileName/playerControls.cs: 60a921168e1f017f5a720f9acb18cd12 -> f38d6680a9972768abba5f059d08cf02
========================================================================
Received Prepare
Begin MonoManager ReloadAssembly
C:\build\output\Unity-Technologies\mono\mono\metadata\icall.c:1842:
C:\build\output\Unity-Technologies\mono\mono\metadata\icall.c:1842:
C:\build\output\Unity-Technologies\mono\mono\metadata\icall.c:1842:
C:\build\output\Unity-Technologies\mono\mono\metadata\icall.c:1842:
C:\build\output\Unity-Technologies\mono\mono\metadata\icall.c:1842:
C:\build\output\Unity-Technologies\mono\mono\metadata\icall.c:1842:
C:\build\output\Unity-Technologies\mono\mono\metadata\icall.c:1842:
C:\build\output\Unity-Technologies\mono\mono\metadata\icall.c:1842:
C:\build\output\Unity-Technologies\mono\mono\metadata\icall.c:1842:
C:\build\output\Unity-Technologies\mono\mono\metadata\icall.c:1842:
C:\build\output\Unity-Technologies\mono\mono\metadata\icall.c:1842:
C:\build\output\Unity-Technologies\mono\mono\metadata\icall.c:1842:
Symbol file LoadedFromMemory doesn't match image C:\Users\Luke\OneDrive\Documents\GitHub\Team-11-fixed\Library\PackageCache\com.unity.visualscripting@1.8.0\Editor\VisualScripting.Core\Dependencies\YamlDotNet\Unity.VisualScripting.YamlDotNet.dll
Symbol file LoadedFromMemory doesn't match image C:\Users\Luke\OneDrive\Documents\GitHub\Team-11-fixed\Library\PackageCache\com.unity.visualscripting@1.8.0\Editor\VisualScripting.Core\Dependencies\DotNetZip\Unity.VisualScripting.IonicZip.dll
- Loaded All Assemblies, in  0.860 seconds
Refreshing native plugins compatible for Editor in 5.19 ms, found 4 plugins.
Native extension for WindowsStandalone target not found
Mono: successfully reloaded assembly
- Finished resetting the current domain, in  1.382 seconds
Domain Reload Profiling: 2236ms
	BeginReloadAssembly (191ms)
		ExecutionOrderSort (0ms)
		DisableScriptedObjects (14ms)
		BackupInstance (0ms)
		ReleaseScriptingObjects (0ms)
		CreateAndSetChildDomain (44ms)
	RebuildCommonClasses (34ms)
	RebuildNativeTypeToScriptingClass (14ms)
	initialDomainReloadingComplete (28ms)
	LoadAllAssembliesAndSetupDomain (586ms)
		LoadAssemblies (339ms)
		RebuildTransferFunctionScriptingTraits (0ms)
		AnalyzeDomain (339ms)
			TypeCache.Refresh (331ms)
				TypeCache.ScanAssembly (318ms)
			ScanForSourceGeneratedMonoScriptInfo (0ms)
			ResolveRequiredComponents (7ms)
	FinalizeReload (1382ms)
		ReleaseScriptCaches (0ms)
		RebuildScriptCaches (0ms)
		SetupLoadedEditorAssemblies (641ms)
			LogAssemblyErrors (0ms)
			InitializePlatformSupportModulesInManaged (7ms)
			SetLoadedEditorAssemblies (4ms)
			BeforeProcessingInitializeOnLoad (124ms)
			ProcessInitializeOnLoadAttributes (462ms)
			ProcessInitializeOnLoadMethodAttributes (36ms)
			AfterProcessingInitializeOnLoad (8ms)
			EditorAssembliesLoaded (0ms)
		ExecutionOrderSort2 (0ms)
		AwakeInstancesAfterBackupRestoration (9ms)
Refreshing native plugins compatible for Editor in 5.77 ms, found 4 plugins.
Preloading 0 native plugins for Editor in 0.00 ms.
Unloading 4824 Unused Serialized files (Serialized files now loaded: 0)
Unloading 38 unused Assets / (93.7 KB). Loaded Objects now: 5748.
Memory consumption went from 159.2 MB to 159.1 MB.
Total: 5.912700 ms (FindLiveObjects: 0.514000 ms CreateObjectMapping: 0.634600 ms MarkObjects: 4.611600 ms  DeleteObjects: 0.151600 ms)

Prepare: number of updated asset objects reloaded= 0
AssetImportParameters requested are different than current active one (requested -> active):
  custom:scripting/monoscript/fileName/itemValue.cs: f69a7127b11a9b8b566deb4c834b3490 -> 76b03e834c3cc809239a75160e59ab39
  custom:scripting/monoscript/fileName/playerManager.cs: 84ef0c7614d528361310460d29c55d5d -> fa278fc629bee650391d87d1007e9d4f
  custom:scripting/monoscript/fileName/ItemHealth.cs: f197683c3140ac4987fc76906bf005e2 -> 6e83ce6a523189f6f5fb460bfec9c34c
  custom:video-decoder-webm-vp8: 9c59270c3fd7afecdb556c50c9e8de78 -> 
  custom:SearchIndexIgnoredProperties: e643bd26f0fe6173181afceb89e7c659 -> 
  custom:scripting/monoscript/fileName/EnemyBulletScript.cs: e7d80cb660805e36ee5a5f1e215edd4c -> e71ca06aed91363c19a7206f3db18599
  custom:audio-encoder-webm-vorbis: bf7c407c2cedff20999df2af8eb42d56 -> 
  custom:scripting/monoscript/fileName/swapEffect.cs: 0cc00060eb9fe855442098e55f47f51b -> 092546921d3567d2283bb63bbd74fda0
  custom:scripting/monoscript/fileName/EnemyManager.cs: b50740975fb3f50950e34a86a690c641 -> a5f2ce24d5a536281782526914f0e68f
  custom:scripting/monoscript/fileName/PlayerInventory.cs: 6a16196cffadf640070b73a126363a7b -> c5c7e2c06a5c2135f68eaadb62be68ca
  custom:scripting/monoscript/fileName/GroundCheck.cs: 104059698e3938b710e73a1ada3cf7f2 -> aada75943ddc5f9ec791997fb4db8e41
  custom:AudioImporter_EditorPlatform: d09bf68614088b80899f8185d706f6e7 -> 
  custom:scripting/monoscript/fileName/cameraFollow.cs: a3fe78019876429fcb14da267bffd902 -> d894ceed6075e22d3236a105a1c23932
  custom:audio-decoder-ogg-vorbis: bf7c407c2cedff20999df2af8eb42d56 -> 
  custom:scripting/monoscript/fileName/explosionEffect.cs: cd6f70cba070dfaf492cd981f8e5106d -> f7a2b1128d205f6881db76924b370bc7
  custom:video-encoder-webm-vp8: eb34c28f22e8b96e1ab97ce403110664 -> 
  custom:container-demuxer-ogg: 62fdf1f143b41e24485cea50d1cbac27 -> 
  custom:framework-win-MediaFoundation: 216162199b28c13a410421893ffa2e32 -> 
  custom:video-decoder-ogg-theora: a1e56fd34408186e4bbccfd4996cb3dc -> 
  custom:scripting/monoscript/fileName/Enemy_Shooting.cs: 481c6b4472e7963c51b9ff2968d9f6ea -> 1a20005d700cc7c18dc46972e59e8a2f
  custom:scripting/monoscript/fileName/PlayerAttackRadius.cs: 3c18793bbc046bb9e08e8760d79e10a8 -> 7d876089e18024672b620eaaf4a80dff
  custom:scripting/monoscript/fileName/enemyAgroZone.cs: 09aba223f5c5bb4d1d0468e9c70a1673 -> 6c97f386582314f236da33516b1efab9
  custom:container-muxer-webm: aa71ff27fc2769a1b78a27578f13a17b -> 
  custom:CustomObjectIndexerAttribute: 756ad292c208cfabdd7b50bc23989ffe -> 
  custom:container-demuxer-webm: 4f35f7cbe854078d1ac9338744f61a02 -> 
  custom:scripting/monoscript/fileName/CloudFollow.cs: 29792e68137c88b435b3365627368bc6 -> 60e200cdf9afe623b4fef037eb963996
  custom:scripting/monoscript/fileName/playerControls.cs: 60a921168e1f017f5a720f9acb18cd12 -> f38d6680a9972768abba5f059d08cf02
========================================================================
Received Prepare
Begin MonoManager ReloadAssembly
C:\build\output\Unity-Technologies\mono\mono\metadata\icall.c:1842:
C:\build\output\Unity-Technologies\mono\mono\metadata\icall.c:1842:
C:\build\output\Unity-Technologies\mono\mono\metadata\icall.c:1842:
C:\build\output\Unity-Technologies\mono\mono\metadata\icall.c:1842:
C:\build\output\Unity-Technologies\mono\mono\metadata\icall.c:1842:
C:\build\output\Unity-Technologies\mono\mono\metadata\icall.c:1842:
C:\build\output\Unity-Technologies\mono\mono\metadata\icall.c:1842:
C:\build\output\Unity-Technologies\mono\mono\metadata\icall.c:1842:
C:\build\output\Unity-Technologies\mono\mono\metadata\icall.c:1842:
C:\build\output\Unity-Technologies\mono\mono\metadata\icall.c:1842:
C:\build\output\Unity-Technologies\mono\mono\metadata\icall.c:1842:
C:\build\output\Unity-Technologies\mono\mono\metadata\icall.c:1842:
Symbol file LoadedFromMemory doesn't match image C:\Users\Luke\OneDrive\Documents\GitHub\Team-11-fixed\Library\PackageCache\com.unity.visualscripting@1.8.0\Editor\VisualScripting.Core\Dependencies\YamlDotNet\Unity.VisualScripting.YamlDotNet.dll
Symbol file LoadedFromMemory doesn't match image C:\Users\Luke\OneDrive\Documents\GitHub\Team-11-fixed\Library\PackageCache\com.unity.visualscripting@1.8.0\Editor\VisualScripting.Core\Dependencies\DotNetZip\Unity.VisualScripting.IonicZip.dll
- Loaded All Assemblies, in  0.995 seconds
Refreshing native plugins compatible for Editor in 10.15 ms, found 4 plugins.
Native extension for WindowsStandalone target not found
Mono: successfully reloaded assembly
- Finished resetting the current domain, in  1.156 seconds
Domain Reload Profiling: 2145ms
	BeginReloadAssembly (214ms)
		ExecutionOrderSort (0ms)
		DisableScriptedObjects (14ms)
		BackupInstance (0ms)
		ReleaseScriptingObjects (0ms)
		CreateAndSetChildDomain (49ms)
	RebuildCommonClasses (36ms)
	RebuildNativeTypeToScriptingClass (13ms)
	initialDomainReloadingComplete (32ms)
	LoadAllAssembliesAndSetupDomain (693ms)
		LoadAssemblies (352ms)
		RebuildTransferFunctionScriptingTraits (0ms)
		AnalyzeDomain (444ms)
			TypeCache.Refresh (422ms)
				TypeCache.ScanAssembly (410ms)
			ScanForSourceGeneratedMonoScriptInfo (10ms)
			ResolveRequiredComponents (11ms)
	FinalizeReload (1156ms)
		ReleaseScriptCaches (0ms)
		RebuildScriptCaches (0ms)
		SetupLoadedEditorAssemblies (508ms)
			LogAssemblyErrors (0ms)
			InitializePlatformSupportModulesInManaged (6ms)
			SetLoadedEditorAssemblies (3ms)
			BeforeProcessingInitializeOnLoad (102ms)
			ProcessInitializeOnLoadAttributes (359ms)
			ProcessInitializeOnLoadMethodAttributes (32ms)
			AfterProcessingInitializeOnLoad (6ms)
			EditorAssembliesLoaded (0ms)
		ExecutionOrderSort2 (0ms)
		AwakeInstancesAfterBackupRestoration (7ms)
Refreshing native plugins compatible for Editor in 6.31 ms, found 4 plugins.
Preloading 0 native plugins for Editor in 0.00 ms.
Unloading 4824 Unused Serialized files (Serialized files now loaded: 0)
Unloading 38 unused Assets / (92.7 KB). Loaded Objects now: 5763.
Memory consumption went from 159.2 MB to 159.1 MB.
Total: 5.075500 ms (FindLiveObjects: 0.422200 ms CreateObjectMapping: 0.479500 ms MarkObjects: 4.095800 ms  DeleteObjects: 0.077300 ms)

Prepare: number of updated asset objects reloaded= 0
AssetImportParameters requested are different than current active one (requested -> active):
  custom:scripting/monoscript/fileName/itemValue.cs: f69a7127b11a9b8b566deb4c834b3490 -> 76b03e834c3cc809239a75160e59ab39
  custom:scripting/monoscript/fileName/playerManager.cs: 84ef0c7614d528361310460d29c55d5d -> fa278fc629bee650391d87d1007e9d4f
  custom:scripting/monoscript/fileName/ItemHealth.cs: f197683c3140ac4987fc76906bf005e2 -> 6e83ce6a523189f6f5fb460bfec9c34c
  custom:video-decoder-webm-vp8: 9c59270c3fd7afecdb556c50c9e8de78 -> 
  custom:SearchIndexIgnoredProperties: e643bd26f0fe6173181afceb89e7c659 -> 
  custom:scripting/monoscript/fileName/EnemyBulletScript.cs: e7d80cb660805e36ee5a5f1e215edd4c -> e71ca06aed91363c19a7206f3db18599
  custom:audio-encoder-webm-vorbis: bf7c407c2cedff20999df2af8eb42d56 -> 
  custom:scripting/monoscript/fileName/swapEffect.cs: 0cc00060eb9fe855442098e55f47f51b -> 092546921d3567d2283bb63bbd74fda0
  custom:scripting/monoscript/fileName/EnemyManager.cs: b50740975fb3f50950e34a86a690c641 -> a5f2ce24d5a536281782526914f0e68f
  custom:scripting/monoscript/fileName/PlayerInventory.cs: 6a16196cffadf640070b73a126363a7b -> c5c7e2c06a5c2135f68eaadb62be68ca
  custom:scripting/monoscript/fileName/GroundCheck.cs: 104059698e3938b710e73a1ada3cf7f2 -> aada75943ddc5f9ec791997fb4db8e41
  custom:AudioImporter_EditorPlatform: d09bf68614088b80899f8185d706f6e7 -> 
  custom:scripting/monoscript/fileName/cameraFollow.cs: a3fe78019876429fcb14da267bffd902 -> d894ceed6075e22d3236a105a1c23932
  custom:audio-decoder-ogg-vorbis: bf7c407c2cedff20999df2af8eb42d56 -> 
  custom:scripting/monoscript/fileName/explosionEffect.cs: cd6f70cba070dfaf492cd981f8e5106d -> f7a2b1128d205f6881db76924b370bc7
  custom:video-encoder-webm-vp8: eb34c28f22e8b96e1ab97ce403110664 -> 
  custom:container-demuxer-ogg: 62fdf1f143b41e24485cea50d1cbac27 -> 
  custom:framework-win-MediaFoundation: 216162199b28c13a410421893ffa2e32 -> 
  custom:video-decoder-ogg-theora: a1e56fd34408186e4bbccfd4996cb3dc -> 
  custom:scripting/monoscript/fileName/Enemy_Shooting.cs: 481c6b4472e7963c51b9ff2968d9f6ea -> 1a20005d700cc7c18dc46972e59e8a2f
  custom:scripting/monoscript/fileName/PlayerAttackRadius.cs: 3c18793bbc046bb9e08e8760d79e10a8 -> 7d876089e18024672b620eaaf4a80dff
  custom:scripting/monoscript/fileName/enemyAgroZone.cs: 09aba223f5c5bb4d1d0468e9c70a1673 -> 6c97f386582314f236da33516b1efab9
  custom:container-muxer-webm: aa71ff27fc2769a1b78a27578f13a17b -> 
  custom:CustomObjectIndexerAttribute: 756ad292c208cfabdd7b50bc23989ffe -> 
  custom:container-demuxer-webm: 4f35f7cbe854078d1ac9338744f61a02 -> 
  custom:scripting/monoscript/fileName/CloudFollow.cs: 29792e68137c88b435b3365627368bc6 -> 60e200cdf9afe623b4fef037eb963996
  custom:scripting/monoscript/fileName/playerControls.cs: 60a921168e1f017f5a720f9acb18cd12 -> f38d6680a9972768abba5f059d08cf02
========================================================================
Received Prepare
Begin MonoManager ReloadAssembly
C:\build\output\Unity-Technologies\mono\mono\metadata\icall.c:1842:
C:\build\output\Unity-Technologies\mono\mono\metadata\icall.c:1842:
C:\build\output\Unity-Technologies\mono\mono\metadata\icall.c:1842:
C:\build\output\Unity-Technologies\mono\mono\metadata\icall.c:1842:
C:\build\output\Unity-Technologies\mono\mono\metadata\icall.c:1842:
C:\build\output\Unity-Technologies\mono\mono\metadata\icall.c:1842:
C:\build\output\Unity-Technologies\mono\mono\metadata\icall.c:1842:
C:\build\output\Unity-Technologies\mono\mono\metadata\icall.c:1842:
C:\build\output\Unity-Technologies\mono\mono\metadata\icall.c:1842:
C:\build\output\Unity-Technologies\mono\mono\metadata\icall.c:1842:
C:\build\output\Unity-Technologies\mono\mono\metadata\icall.c:1842:
C:\build\output\Unity-Technologies\mono\mono\metadata\icall.c:1842:
Symbol file LoadedFromMemory doesn't match image C:\Users\Luke\OneDrive\Documents\GitHub\Team-11-fixed\Library\PackageCache\com.unity.visualscripting@1.8.0\Editor\VisualScripting.Core\Dependencies\YamlDotNet\Unity.VisualScripting.YamlDotNet.dll
Symbol file LoadedFromMemory doesn't match image C:\Users\Luke\OneDrive\Documents\GitHub\Team-11-fixed\Library\PackageCache\com.unity.visualscripting@1.8.0\Editor\VisualScripting.Core\Dependencies\DotNetZip\Unity.VisualScripting.IonicZip.dll
- Loaded All Assemblies, in  0.845 seconds
Refreshing native plugins compatible for Editor in 5.42 ms, found 4 plugins.
Native extension for WindowsStandalone target not found
Mono: successfully reloaded assembly
- Finished resetting the current domain, in  1.350 seconds
Domain Reload Profiling: 2189ms
	BeginReloadAssembly (198ms)
		ExecutionOrderSort (0ms)
		DisableScriptedObjects (13ms)
		BackupInstance (0ms)
		ReleaseScriptingObjects (0ms)
		CreateAndSetChildDomain (46ms)
	RebuildCommonClasses (34ms)
	RebuildNativeTypeToScriptingClass (15ms)
	initialDomainReloadingComplete (32ms)
	LoadAllAssembliesAndSetupDomain (559ms)
		LoadAssemblies (336ms)
		RebuildTransferFunctionScriptingTraits (0ms)
		AnalyzeDomain (312ms)
			TypeCache.Refresh (305ms)
				TypeCache.ScanAssembly (293ms)
			ScanForSourceGeneratedMonoScriptInfo (0ms)
			ResolveRequiredComponents (6ms)
	FinalizeReload (1351ms)
		ReleaseScriptCaches (0ms)
		RebuildScriptCaches (0ms)
		SetupLoadedEditorAssemblies (667ms)
			LogAssemblyErrors (0ms)
			InitializePlatformSupportModulesInManaged (8ms)
			SetLoadedEditorAssemblies (5ms)
			BeforeProcessingInitializeOnLoad (126ms)
			ProcessInitializeOnLoadAttributes (474ms)
			ProcessInitializeOnLoadMethodAttributes (44ms)
			AfterProcessingInitializeOnLoad (10ms)
			EditorAssembliesLoaded (0ms)
		ExecutionOrderSort2 (0ms)
		AwakeInstancesAfterBackupRestoration (9ms)
Refreshing native plugins compatible for Editor in 5.67 ms, found 4 plugins.
Preloading 0 native plugins for Editor in 0.00 ms.
Unloading 4824 Unused Serialized files (Serialized files now loaded: 0)
Unloading 38 unused Assets / (92.7 KB). Loaded Objects now: 5778.
Memory consumption went from 159.2 MB to 159.1 MB.
Total: 5.292700 ms (FindLiveObjects: 0.430300 ms CreateObjectMapping: 0.732300 ms MarkObjects: 4.052800 ms  DeleteObjects: 0.076300 ms)

Prepare: number of updated asset objects reloaded= 0
AssetImportParameters requested are different than current active one (requested -> active):
  custom:scripting/monoscript/fileName/itemValue.cs: f69a7127b11a9b8b566deb4c834b3490 -> 76b03e834c3cc809239a75160e59ab39
  custom:scripting/monoscript/fileName/playerManager.cs: 84ef0c7614d528361310460d29c55d5d -> fa278fc629bee650391d87d1007e9d4f
  custom:scripting/monoscript/fileName/ItemHealth.cs: f197683c3140ac4987fc76906bf005e2 -> 6e83ce6a523189f6f5fb460bfec9c34c
  custom:video-decoder-webm-vp8: 9c59270c3fd7afecdb556c50c9e8de78 -> 
  custom:SearchIndexIgnoredProperties: e643bd26f0fe6173181afceb89e7c659 -> 
  custom:scripting/monoscript/fileName/EnemyBulletScript.cs: e7d80cb660805e36ee5a5f1e215edd4c -> e71ca06aed91363c19a7206f3db18599
  custom:audio-encoder-webm-vorbis: bf7c407c2cedff20999df2af8eb42d56 -> 
  custom:scripting/monoscript/fileName/swapEffect.cs: 0cc00060eb9fe855442098e55f47f51b -> 092546921d3567d2283bb63bbd74fda0
  custom:scripting/monoscript/fileName/EnemyManager.cs: b50740975fb3f50950e34a86a690c641 -> a5f2ce24d5a536281782526914f0e68f
  custom:scripting/monoscript/fileName/PlayerInventory.cs: 6a16196cffadf640070b73a126363a7b -> c5c7e2c06a5c2135f68eaadb62be68ca
  custom:scripting/monoscript/fileName/GroundCheck.cs: 104059698e3938b710e73a1ada3cf7f2 -> aada75943ddc5f9ec791997fb4db8e41
  custom:AudioImporter_EditorPlatform: d09bf68614088b80899f8185d706f6e7 -> 
  custom:scripting/monoscript/fileName/cameraFollow.cs: a3fe78019876429fcb14da267bffd902 -> d894ceed6075e22d3236a105a1c23932
  custom:audio-decoder-ogg-vorbis: bf7c407c2cedff20999df2af8eb42d56 -> 
  custom:scripting/monoscript/fileName/explosionEffect.cs: cd6f70cba070dfaf492cd981f8e5106d -> f7a2b1128d205f6881db76924b370bc7
  custom:video-encoder-webm-vp8: eb34c28f22e8b96e1ab97ce403110664 -> 
  custom:container-demuxer-ogg: 62fdf1f143b41e24485cea50d1cbac27 -> 
  custom:framework-win-MediaFoundation: 216162199b28c13a410421893ffa2e32 -> 
  custom:video-decoder-ogg-theora: a1e56fd34408186e4bbccfd4996cb3dc -> 
  custom:scripting/monoscript/fileName/Enemy_Shooting.cs: 481c6b4472e7963c51b9ff2968d9f6ea -> 1a20005d700cc7c18dc46972e59e8a2f
  custom:scripting/monoscript/fileName/PlayerAttackRadius.cs: 3c18793bbc046bb9e08e8760d79e10a8 -> 7d876089e18024672b620eaaf4a80dff
  custom:scripting/monoscript/fileName/enemyAgroZone.cs: 09aba223f5c5bb4d1d0468e9c70a1673 -> 6c97f386582314f236da33516b1efab9
  custom:container-muxer-webm: aa71ff27fc2769a1b78a27578f13a17b -> 
  custom:CustomObjectIndexerAttribute: 756ad292c208cfabdd7b50bc23989ffe -> 
  custom:container-demuxer-webm: 4f35f7cbe854078d1ac9338744f61a02 -> 
  custom:scripting/monoscript/fileName/CloudFollow.cs: 29792e68137c88b435b3365627368bc6 -> 60e200cdf9afe623b4fef037eb963996
  custom:scripting/monoscript/fileName/playerControls.cs: 60a921168e1f017f5a720f9acb18cd12 -> f38d6680a9972768abba5f059d08cf02
========================================================================
Received Import Request.
  Time since last request: 320.973583 seconds.
  path: Assets/PlayerSmall.prefab
  artifactKey: Guid(7cff3a68d8f63ec4ca50314f3a56c762) Importer(815301076,1909f56bfc062723c751e8b465ee728b)
Start importing Assets/PlayerSmall.prefab using Guid(7cff3a68d8f63ec4ca50314f3a56c762) Importer(815301076,1909f56bfc062723c751e8b465ee728b)  -> (artifact id: '5c439e46dc32bb4a266bbe879565a5a0') in 0.091967 seconds
Internal: There are remaining Allocations on the JobTempAlloc. This is a leak, and will impact performance
To Debug, run app with -diag-job-temp-memory-leak-validation cmd line argument. This will output the callstacks of the leaked allocations.
Number of updated asset objects reloaded before import = 0
Number of asset objects unloaded after import = 51
========================================================================
Received Import Request.
  Time since last request: 0.000028 seconds.
  path: Assets/PlayerNormal.prefab
  artifactKey: Guid(666e7b60bac03524192b22a966d4f183) Importer(815301076,1909f56bfc062723c751e8b465ee728b)
Start importing Assets/PlayerNormal.prefab using Guid(666e7b60bac03524192b22a966d4f183) Importer(815301076,1909f56bfc062723c751e8b465ee728b)  -> (artifact id: 'f69bbf4402d481983677499d5a3ec0f5') in 0.018566 seconds
Internal: There are remaining Allocations on the JobTempAlloc. This is a leak, and will impact performance
To Debug, run app with -diag-job-temp-memory-leak-validation cmd line argument. This will output the callstacks of the leaked allocations.
Number of updated asset objects reloaded before import = 0
Number of asset objects unloaded after import = 87
========================================================================
Received Prepare
Begin MonoManager ReloadAssembly
C:\build\output\Unity-Technologies\mono\mono\metadata\icall.c:1842:
C:\build\output\Unity-Technologies\mono\mono\metadata\icall.c:1842:
C:\build\output\Unity-Technologies\mono\mono\metadata\icall.c:1842:
C:\build\output\Unity-Technologies\mono\mono\metadata\icall.c:1842:
C:\build\output\Unity-Technologies\mono\mono\metadata\icall.c:1842:
C:\build\output\Unity-Technologies\mono\mono\metadata\icall.c:1842:
C:\build\output\Unity-Technologies\mono\mono\metadata\icall.c:1842:
C:\build\output\Unity-Technologies\mono\mono\metadata\icall.c:1842:
C:\build\output\Unity-Technologies\mono\mono\metadata\icall.c:1842:
C:\build\output\Unity-Technologies\mono\mono\metadata\icall.c:1842:
C:\build\output\Unity-Technologies\mono\mono\metadata\icall.c:1842:
C:\build\output\Unity-Technologies\mono\mono\metadata\icall.c:1842:
Symbol file LoadedFromMemory doesn't match image C:\Users\Luke\OneDrive\Documents\GitHub\Team-11-fixed\Library\PackageCache\com.unity.visualscripting@1.8.0\Editor\VisualScripting.Core\Dependencies\YamlDotNet\Unity.VisualScripting.YamlDotNet.dll
Symbol file LoadedFromMemory doesn't match image C:\Users\Luke\OneDrive\Documents\GitHub\Team-11-fixed\Library\PackageCache\com.unity.visualscripting@1.8.0\Editor\VisualScripting.Core\Dependencies\DotNetZip\Unity.VisualScripting.IonicZip.dll
- Loaded All Assemblies, in  0.988 seconds
Refreshing native plugins compatible for Editor in 4.88 ms, found 4 plugins.
Native extension for WindowsStandalone target not found
Mono: successfully reloaded assembly
- Finished resetting the current domain, in  1.146 seconds
Domain Reload Profiling: 2127ms
	BeginReloadAssembly (267ms)
		ExecutionOrderSort (0ms)
		DisableScriptedObjects (16ms)
		BackupInstance (0ms)
		ReleaseScriptingObjects (0ms)
		CreateAndSetChildDomain (68ms)
	RebuildCommonClasses (52ms)
	RebuildNativeTypeToScriptingClass (22ms)
	initialDomainReloadingComplete (34ms)
	LoadAllAssembliesAndSetupDomain (605ms)
		LoadAssemblies (404ms)
		RebuildTransferFunctionScriptingTraits (0ms)
		AnalyzeDomain (328ms)
			TypeCache.Refresh (317ms)
				TypeCache.ScanAssembly (306ms)
			ScanForSourceGeneratedMonoScriptInfo (4ms)
			ResolveRequiredComponents (6ms)
	FinalizeReload (1147ms)
		ReleaseScriptCaches (0ms)
		RebuildScriptCaches (0ms)
		SetupLoadedEditorAssemblies (499ms)
			LogAssemblyErrors (0ms)
			InitializePlatformSupportModulesInManaged (5ms)
			SetLoadedEditorAssemblies (3ms)
			BeforeProcessingInitializeOnLoad (102ms)
			ProcessInitializeOnLoadAttributes (354ms)
			ProcessInitializeOnLoadMethodAttributes (28ms)
			AfterProcessingInitializeOnLoad (6ms)
			EditorAssembliesLoaded (0ms)
		ExecutionOrderSort2 (0ms)
		AwakeInstancesAfterBackupRestoration (7ms)
Refreshing native plugins compatible for Editor in 10.29 ms, found 4 plugins.
Preloading 0 native plugins for Editor in 0.00 ms.
Unloading 4824 Unused Serialized files (Serialized files now loaded: 0)
Unloading 40 unused Assets / (93.4 KB). Loaded Objects now: 5794.
Memory consumption went from 159.0 MB to 158.9 MB.
Total: 6.401600 ms (FindLiveObjects: 0.807600 ms CreateObjectMapping: 1.119000 ms MarkObjects: 4.282100 ms  DeleteObjects: 0.191300 ms)

Prepare: number of updated asset objects reloaded= 0
AssetImportParameters requested are different than current active one (requested -> active):
  custom:scripting/monoscript/fileName/itemValue.cs: f69a7127b11a9b8b566deb4c834b3490 -> 76b03e834c3cc809239a75160e59ab39
  custom:scripting/monoscript/fileName/playerManager.cs: 84ef0c7614d528361310460d29c55d5d -> fa278fc629bee650391d87d1007e9d4f
  custom:scripting/monoscript/fileName/ItemHealth.cs: f197683c3140ac4987fc76906bf005e2 -> 6e83ce6a523189f6f5fb460bfec9c34c
  custom:video-decoder-webm-vp8: 9c59270c3fd7afecdb556c50c9e8de78 -> 
  custom:SearchIndexIgnoredProperties: e643bd26f0fe6173181afceb89e7c659 -> 
  custom:scripting/monoscript/fileName/EnemyBulletScript.cs: e7d80cb660805e36ee5a5f1e215edd4c -> e71ca06aed91363c19a7206f3db18599
  custom:audio-encoder-webm-vorbis: bf7c407c2cedff20999df2af8eb42d56 -> 
  custom:scripting/monoscript/fileName/swapEffect.cs: 0cc00060eb9fe855442098e55f47f51b -> 092546921d3567d2283bb63bbd74fda0
  custom:scripting/monoscript/fileName/EnemyManager.cs: b50740975fb3f50950e34a86a690c641 -> a5f2ce24d5a536281782526914f0e68f
  custom:scripting/monoscript/fileName/PlayerInventory.cs: 6a16196cffadf640070b73a126363a7b -> c5c7e2c06a5c2135f68eaadb62be68ca
  custom:scripting/monoscript/fileName/GroundCheck.cs: 104059698e3938b710e73a1ada3cf7f2 -> aada75943ddc5f9ec791997fb4db8e41
  custom:AudioImporter_EditorPlatform: d09bf68614088b80899f8185d706f6e7 -> 
  custom:scripting/monoscript/fileName/cameraFollow.cs: a3fe78019876429fcb14da267bffd902 -> d894ceed6075e22d3236a105a1c23932
  custom:audio-decoder-ogg-vorbis: bf7c407c2cedff20999df2af8eb42d56 -> 
  custom:scripting/monoscript/fileName/explosionEffect.cs: cd6f70cba070dfaf492cd981f8e5106d -> f7a2b1128d205f6881db76924b370bc7
  custom:video-encoder-webm-vp8: eb34c28f22e8b96e1ab97ce403110664 -> 
  custom:container-demuxer-ogg: 62fdf1f143b41e24485cea50d1cbac27 -> 
  custom:framework-win-MediaFoundation: 216162199b28c13a410421893ffa2e32 -> 
  custom:video-decoder-ogg-theora: a1e56fd34408186e4bbccfd4996cb3dc -> 
  custom:scripting/monoscript/fileName/Enemy_Shooting.cs: 481c6b4472e7963c51b9ff2968d9f6ea -> 1a20005d700cc7c18dc46972e59e8a2f
  custom:scripting/monoscript/fileName/PlayerAttackRadius.cs: 3c18793bbc046bb9e08e8760d79e10a8 -> 7d876089e18024672b620eaaf4a80dff
  custom:scripting/monoscript/fileName/enemyAgroZone.cs: 09aba223f5c5bb4d1d0468e9c70a1673 -> 6c97f386582314f236da33516b1efab9
  custom:container-muxer-webm: aa71ff27fc2769a1b78a27578f13a17b -> 
  custom:CustomObjectIndexerAttribute: 756ad292c208cfabdd7b50bc23989ffe -> 
  custom:container-demuxer-webm: 4f35f7cbe854078d1ac9338744f61a02 -> 
  custom:scripting/monoscript/fileName/CloudFollow.cs: 29792e68137c88b435b3365627368bc6 -> 60e200cdf9afe623b4fef037eb963996
  custom:scripting/monoscript/fileName/playerControls.cs: 60a921168e1f017f5a720f9acb18cd12 -> f38d6680a9972768abba5f059d08cf02
========================================================================
Received Prepare
Begin MonoManager ReloadAssembly
C:\build\output\Unity-Technologies\mono\mono\metadata\icall.c:1842:
C:\build\output\Unity-Technologies\mono\mono\metadata\icall.c:1842:
C:\build\output\Unity-Technologies\mono\mono\metadata\icall.c:1842:
C:\build\output\Unity-Technologies\mono\mono\metadata\icall.c:1842:
C:\build\output\Unity-Technologies\mono\mono\metadata\icall.c:1842:
C:\build\output\Unity-Technologies\mono\mono\metadata\icall.c:1842:
C:\build\output\Unity-Technologies\mono\mono\metadata\icall.c:1842:
C:\build\output\Unity-Technologies\mono\mono\metadata\icall.c:1842:
C:\build\output\Unity-Technologies\mono\mono\metadata\icall.c:1842:
C:\build\output\Unity-Technologies\mono\mono\metadata\icall.c:1842:
C:\build\output\Unity-Technologies\mono\mono\metadata\icall.c:1842:
C:\build\output\Unity-Technologies\mono\mono\metadata\icall.c:1842:
Symbol file LoadedFromMemory doesn't match image C:\Users\Luke\OneDrive\Documents\GitHub\Team-11-fixed\Library\PackageCache\com.unity.visualscripting@1.8.0\Editor\VisualScripting.Core\Dependencies\YamlDotNet\Unity.VisualScripting.YamlDotNet.dll
Symbol file LoadedFromMemory doesn't match image C:\Users\Luke\OneDrive\Documents\GitHub\Team-11-fixed\Library\PackageCache\com.unity.visualscripting@1.8.0\Editor\VisualScripting.Core\Dependencies\DotNetZip\Unity.VisualScripting.IonicZip.dll
- Loaded All Assemblies, in  0.921 seconds
Refreshing native plugins compatible for Editor in 5.24 ms, found 4 plugins.
Native extension for WindowsStandalone target not found
Mono: successfully reloaded assembly
- Finished resetting the current domain, in  1.137 seconds
Domain Reload Profiling: 2052ms
	BeginReloadAssembly (201ms)
		ExecutionOrderSort (0ms)
		DisableScriptedObjects (17ms)
		BackupInstance (0ms)
		ReleaseScriptingObjects (0ms)
		CreateAndSetChildDomain (48ms)
	RebuildCommonClasses (44ms)
	RebuildNativeTypeToScriptingClass (18ms)
	initialDomainReloadingComplete (28ms)
	LoadAllAssembliesAndSetupDomain (623ms)
		LoadAssemblies (348ms)
		RebuildTransferFunctionScriptingTraits (0ms)
		AnalyzeDomain (366ms)
			TypeCache.Refresh (354ms)
				TypeCache.ScanAssembly (342ms)
			ScanForSourceGeneratedMonoScriptInfo (4ms)
			ResolveRequiredComponents (7ms)
	FinalizeReload (1138ms)
		ReleaseScriptCaches (0ms)
		RebuildScriptCaches (0ms)
		SetupLoadedEditorAssemblies (512ms)
			LogAssemblyErrors (0ms)
			InitializePlatformSupportModulesInManaged (6ms)
			SetLoadedEditorAssemblies (3ms)
			BeforeProcessingInitializeOnLoad (98ms)
			ProcessInitializeOnLoadAttributes (370ms)
			ProcessInitializeOnLoadMethodAttributes (28ms)
			AfterProcessingInitializeOnLoad (6ms)
			EditorAssembliesLoaded (0ms)
		ExecutionOrderSort2 (0ms)
		AwakeInstancesAfterBackupRestoration (7ms)
Refreshing native plugins compatible for Editor in 5.38 ms, found 4 plugins.
Preloading 0 native plugins for Editor in 0.00 ms.
Unloading 4825 Unused Serialized files (Serialized files now loaded: 0)
Unloading 38 unused Assets / (92.5 KB). Loaded Objects now: 5809.
Memory consumption went from 159.2 MB to 159.1 MB.
Total: 4.967200 ms (FindLiveObjects: 0.404500 ms CreateObjectMapping: 0.410000 ms MarkObjects: 4.061700 ms  DeleteObjects: 0.090100 ms)

Prepare: number of updated asset objects reloaded= 0
AssetImportParameters requested are different than current active one (requested -> active):
  custom:scripting/monoscript/fileName/itemValue.cs: f69a7127b11a9b8b566deb4c834b3490 -> 76b03e834c3cc809239a75160e59ab39
  custom:scripting/monoscript/fileName/playerManager.cs: 84ef0c7614d528361310460d29c55d5d -> fa278fc629bee650391d87d1007e9d4f
  custom:scripting/monoscript/fileName/ItemHealth.cs: f197683c3140ac4987fc76906bf005e2 -> 6e83ce6a523189f6f5fb460bfec9c34c
  custom:video-decoder-webm-vp8: 9c59270c3fd7afecdb556c50c9e8de78 -> 
  custom:SearchIndexIgnoredProperties: e643bd26f0fe6173181afceb89e7c659 -> 
  custom:scripting/monoscript/fileName/EnemyBulletScript.cs: e7d80cb660805e36ee5a5f1e215edd4c -> e71ca06aed91363c19a7206f3db18599
  custom:audio-encoder-webm-vorbis: bf7c407c2cedff20999df2af8eb42d56 -> 
  custom:scripting/monoscript/fileName/swapEffect.cs: 0cc00060eb9fe855442098e55f47f51b -> 092546921d3567d2283bb63bbd74fda0
  custom:scripting/monoscript/fileName/EnemyManager.cs: b50740975fb3f50950e34a86a690c641 -> a5f2ce24d5a536281782526914f0e68f
  custom:scripting/monoscript/fileName/PlayerInventory.cs: 6a16196cffadf640070b73a126363a7b -> c5c7e2c06a5c2135f68eaadb62be68ca
  custom:scripting/monoscript/fileName/GroundCheck.cs: 104059698e3938b710e73a1ada3cf7f2 -> aada75943ddc5f9ec791997fb4db8e41
  custom:AudioImporter_EditorPlatform: d09bf68614088b80899f8185d706f6e7 -> 
  custom:scripting/monoscript/fileName/cameraFollow.cs: a3fe78019876429fcb14da267bffd902 -> d894ceed6075e22d3236a105a1c23932
  custom:audio-decoder-ogg-vorbis: bf7c407c2cedff20999df2af8eb42d56 -> 
  custom:scripting/monoscript/fileName/explosionEffect.cs: cd6f70cba070dfaf492cd981f8e5106d -> f7a2b1128d205f6881db76924b370bc7
  custom:video-encoder-webm-vp8: eb34c28f22e8b96e1ab97ce403110664 -> 
  custom:container-demuxer-ogg: 62fdf1f143b41e24485cea50d1cbac27 -> 
  custom:framework-win-MediaFoundation: 216162199b28c13a410421893ffa2e32 -> 
  custom:video-decoder-ogg-theora: a1e56fd34408186e4bbccfd4996cb3dc -> 
  custom:scripting/monoscript/fileName/Enemy_Shooting.cs: 481c6b4472e7963c51b9ff2968d9f6ea -> 1a20005d700cc7c18dc46972e59e8a2f
  custom:scripting/monoscript/fileName/PlayerAttackRadius.cs: 3c18793bbc046bb9e08e8760d79e10a8 -> 7d876089e18024672b620eaaf4a80dff
  custom:scripting/monoscript/fileName/enemyAgroZone.cs: 09aba223f5c5bb4d1d0468e9c70a1673 -> 6c97f386582314f236da33516b1efab9
  custom:container-muxer-webm: aa71ff27fc2769a1b78a27578f13a17b -> 
  custom:CustomObjectIndexerAttribute: 756ad292c208cfabdd7b50bc23989ffe -> 
  custom:container-demuxer-webm: 4f35f7cbe854078d1ac9338744f61a02 -> 
  custom:scripting/monoscript/fileName/CloudFollow.cs: 29792e68137c88b435b3365627368bc6 -> 60e200cdf9afe623b4fef037eb963996
  custom:scripting/monoscript/fileName/playerControls.cs: 60a921168e1f017f5a720f9acb18cd12 -> f38d6680a9972768abba5f059d08cf02
========================================================================
Received Prepare
Begin MonoManager ReloadAssembly
C:\build\output\Unity-Technologies\mono\mono\metadata\icall.c:1842:
C:\build\output\Unity-Technologies\mono\mono\metadata\icall.c:1842:
C:\build\output\Unity-Technologies\mono\mono\metadata\icall.c:1842:
C:\build\output\Unity-Technologies\mono\mono\metadata\icall.c:1842:
C:\build\output\Unity-Technologies\mono\mono\metadata\icall.c:1842:
C:\build\output\Unity-Technologies\mono\mono\metadata\icall.c:1842:
C:\build\output\Unity-Technologies\mono\mono\metadata\icall.c:1842:
C:\build\output\Unity-Technologies\mono\mono\metadata\icall.c:1842:
C:\build\output\Unity-Technologies\mono\mono\metadata\icall.c:1842:
C:\build\output\Unity-Technologies\mono\mono\metadata\icall.c:1842:
C:\build\output\Unity-Technologies\mono\mono\metadata\icall.c:1842:
C:\build\output\Unity-Technologies\mono\mono\metadata\icall.c:1842:
Symbol file LoadedFromMemory doesn't match image C:\Users\Luke\OneDrive\Documents\GitHub\Team-11-fixed\Library\PackageCache\com.unity.visualscripting@1.8.0\Editor\VisualScripting.Core\Dependencies\YamlDotNet\Unity.VisualScripting.YamlDotNet.dll
Symbol file LoadedFromMemory doesn't match image C:\Users\Luke\OneDrive\Documents\GitHub\Team-11-fixed\Library\PackageCache\com.unity.visualscripting@1.8.0\Editor\VisualScripting.Core\Dependencies\DotNetZip\Unity.VisualScripting.IonicZip.dll
- Loaded All Assemblies, in  0.854 seconds
Refreshing native plugins compatible for Editor in 4.94 ms, found 4 plugins.
Native extension for WindowsStandalone target not found
Mono: successfully reloaded assembly
- Finished resetting the current domain, in  1.346 seconds
Domain Reload Profiling: 2194ms
	BeginReloadAssembly (196ms)
		ExecutionOrderSort (0ms)
		DisableScriptedObjects (13ms)
		BackupInstance (0ms)
		ReleaseScriptingObjects (0ms)
		CreateAndSetChildDomain (42ms)
	RebuildCommonClasses (44ms)
	RebuildNativeTypeToScriptingClass (22ms)
	initialDomainReloadingComplete (31ms)
	LoadAllAssembliesAndSetupDomain (555ms)
		LoadAssemblies (339ms)
		RebuildTransferFunctionScriptingTraits (0ms)
		AnalyzeDomain (311ms)
			TypeCache.Refresh (303ms)
				TypeCache.ScanAssembly (292ms)
			ScanForSourceGeneratedMonoScriptInfo (0ms)
			ResolveRequiredComponents (7ms)
	FinalizeReload (1347ms)
		ReleaseScriptCaches (0ms)
		RebuildScriptCaches (0ms)
		SetupLoadedEditorAssemblies (634ms)
			LogAssemblyErrors (0ms)
			InitializePlatformSupportModulesInManaged (7ms)
			SetLoadedEditorAssemblies (3ms)
			BeforeProcessingInitializeOnLoad (126ms)
			ProcessInitializeOnLoadAttributes (454ms)
			ProcessInitializeOnLoadMethodAttributes (36ms)
			AfterProcessingInitializeOnLoad (7ms)
			EditorAssembliesLoaded (0ms)
		ExecutionOrderSort2 (0ms)
		AwakeInstancesAfterBackupRestoration (7ms)
Refreshing native plugins compatible for Editor in 5.96 ms, found 4 plugins.
Preloading 0 native plugins for Editor in 0.00 ms.
Unloading 4825 Unused Serialized files (Serialized files now loaded: 0)
Unloading 38 unused Assets / (92.6 KB). Loaded Objects now: 5824.
Memory consumption went from 159.2 MB to 159.2 MB.
Total: 5.788000 ms (FindLiveObjects: 0.493100 ms CreateObjectMapping: 0.574600 ms MarkObjects: 4.613500 ms  DeleteObjects: 0.105800 ms)

Prepare: number of updated asset objects reloaded= 0
AssetImportParameters requested are different than current active one (requested -> active):
  custom:scripting/monoscript/fileName/itemValue.cs: f69a7127b11a9b8b566deb4c834b3490 -> 76b03e834c3cc809239a75160e59ab39
  custom:scripting/monoscript/fileName/playerManager.cs: 84ef0c7614d528361310460d29c55d5d -> fa278fc629bee650391d87d1007e9d4f
  custom:scripting/monoscript/fileName/ItemHealth.cs: f197683c3140ac4987fc76906bf005e2 -> 6e83ce6a523189f6f5fb460bfec9c34c
  custom:video-decoder-webm-vp8: 9c59270c3fd7afecdb556c50c9e8de78 -> 
  custom:SearchIndexIgnoredProperties: e643bd26f0fe6173181afceb89e7c659 -> 
  custom:scripting/monoscript/fileName/EnemyBulletScript.cs: e7d80cb660805e36ee5a5f1e215edd4c -> e71ca06aed91363c19a7206f3db18599
  custom:audio-encoder-webm-vorbis: bf7c407c2cedff20999df2af8eb42d56 -> 
  custom:scripting/monoscript/fileName/swapEffect.cs: 0cc00060eb9fe855442098e55f47f51b -> 092546921d3567d2283bb63bbd74fda0
  custom:scripting/monoscript/fileName/EnemyManager.cs: b50740975fb3f50950e34a86a690c641 -> a5f2ce24d5a536281782526914f0e68f
  custom:scripting/monoscript/fileName/PlayerInventory.cs: 6a16196cffadf640070b73a126363a7b -> c5c7e2c06a5c2135f68eaadb62be68ca
  custom:scripting/monoscript/fileName/GroundCheck.cs: 104059698e3938b710e73a1ada3cf7f2 -> aada75943ddc5f9ec791997fb4db8e41
  custom:AudioImporter_EditorPlatform: d09bf68614088b80899f8185d706f6e7 -> 
  custom:scripting/monoscript/fileName/cameraFollow.cs: a3fe78019876429fcb14da267bffd902 -> d894ceed6075e22d3236a105a1c23932
  custom:audio-decoder-ogg-vorbis: bf7c407c2cedff20999df2af8eb42d56 -> 
  custom:scripting/monoscript/fileName/explosionEffect.cs: cd6f70cba070dfaf492cd981f8e5106d -> f7a2b1128d205f6881db76924b370bc7
  custom:video-encoder-webm-vp8: eb34c28f22e8b96e1ab97ce403110664 -> 
  custom:container-demuxer-ogg: 62fdf1f143b41e24485cea50d1cbac27 -> 
  custom:framework-win-MediaFoundation: 216162199b28c13a410421893ffa2e32 -> 
  custom:video-decoder-ogg-theora: a1e56fd34408186e4bbccfd4996cb3dc -> 
  custom:scripting/monoscript/fileName/Enemy_Shooting.cs: 481c6b4472e7963c51b9ff2968d9f6ea -> 1a20005d700cc7c18dc46972e59e8a2f
  custom:scripting/monoscript/fileName/PlayerAttackRadius.cs: 3c18793bbc046bb9e08e8760d79e10a8 -> 7d876089e18024672b620eaaf4a80dff
  custom:scripting/monoscript/fileName/enemyAgroZone.cs: 09aba223f5c5bb4d1d0468e9c70a1673 -> 6c97f386582314f236da33516b1efab9
  custom:container-muxer-webm: aa71ff27fc2769a1b78a27578f13a17b -> 
  custom:CustomObjectIndexerAttribute: 756ad292c208cfabdd7b50bc23989ffe -> 
  custom:container-demuxer-webm: 4f35f7cbe854078d1ac9338744f61a02 -> 
  custom:scripting/monoscript/fileName/CloudFollow.cs: 29792e68137c88b435b3365627368bc6 -> 60e200cdf9afe623b4fef037eb963996
  custom:scripting/monoscript/fileName/playerControls.cs: 60a921168e1f017f5a720f9acb18cd12 -> f38d6680a9972768abba5f059d08cf02
========================================================================
Received Prepare
Begin MonoManager ReloadAssembly
C:\build\output\Unity-Technologies\mono\mono\metadata\icall.c:1842:
C:\build\output\Unity-Technologies\mono\mono\metadata\icall.c:1842:
C:\build\output\Unity-Technologies\mono\mono\metadata\icall.c:1842:
C:\build\output\Unity-Technologies\mono\mono\metadata\icall.c:1842:
C:\build\output\Unity-Technologies\mono\mono\metadata\icall.c:1842:
C:\build\output\Unity-Technologies\mono\mono\metadata\icall.c:1842:
C:\build\output\Unity-Technologies\mono\mono\metadata\icall.c:1842:
C:\build\output\Unity-Technologies\mono\mono\metadata\icall.c:1842:
C:\build\output\Unity-Technologies\mono\mono\metadata\icall.c:1842:
C:\build\output\Unity-Technologies\mono\mono\metadata\icall.c:1842:
C:\build\output\Unity-Technologies\mono\mono\metadata\icall.c:1842:
C:\build\output\Unity-Technologies\mono\mono\metadata\icall.c:1842:
Symbol file LoadedFromMemory doesn't match image C:\Users\Luke\OneDrive\Documents\GitHub\Team-11-fixed\Library\PackageCache\com.unity.visualscripting@1.8.0\Editor\VisualScripting.Core\Dependencies\YamlDotNet\Unity.VisualScripting.YamlDotNet.dll
Symbol file LoadedFromMemory doesn't match image C:\Users\Luke\OneDrive\Documents\GitHub\Team-11-fixed\Library\PackageCache\com.unity.visualscripting@1.8.0\Editor\VisualScripting.Core\Dependencies\DotNetZip\Unity.VisualScripting.IonicZip.dll
- Loaded All Assemblies, in  0.890 seconds
Refreshing native plugins compatible for Editor in 4.92 ms, found 4 plugins.
Native extension for WindowsStandalone target not found
Mono: successfully reloaded assembly
- Finished resetting the current domain, in  1.435 seconds
Domain Reload Profiling: 2318ms
	BeginReloadAssembly (194ms)
		ExecutionOrderSort (0ms)
		DisableScriptedObjects (13ms)
		BackupInstance (0ms)
		ReleaseScriptingObjects (0ms)
		CreateAndSetChildDomain (43ms)
	RebuildCommonClasses (48ms)
	RebuildNativeTypeToScriptingClass (13ms)
	initialDomainReloadingComplete (28ms)
	LoadAllAssembliesAndSetupDomain (600ms)
		LoadAssemblies (359ms)
		RebuildTransferFunctionScriptingTraits (0ms)
		AnalyzeDomain (333ms)
			TypeCache.Refresh (326ms)
				TypeCache.ScanAssembly (314ms)
			ScanForSourceGeneratedMonoScriptInfo (0ms)
			ResolveRequiredComponents (7ms)
	FinalizeReload (1435ms)
		ReleaseScriptCaches (0ms)
		RebuildScriptCaches (0ms)
		SetupLoadedEditorAssemblies (654ms)
			LogAssemblyErrors (0ms)
			InitializePlatformSupportModulesInManaged (7ms)
			SetLoadedEditorAssemblies (4ms)
			BeforeProcessingInitializeOnLoad (127ms)
			ProcessInitializeOnLoadAttributes (470ms)
			ProcessInitializeOnLoadMethodAttributes (36ms)
			AfterProcessingInitializeOnLoad (10ms)
			EditorAssembliesLoaded (0ms)
		ExecutionOrderSort2 (0ms)
		AwakeInstancesAfterBackupRestoration (10ms)
Refreshing native plugins compatible for Editor in 6.65 ms, found 4 plugins.
Preloading 0 native plugins for Editor in 0.00 ms.
Unloading 4825 Unused Serialized files (Serialized files now loaded: 0)
Unloading 38 unused Assets / (92.7 KB). Loaded Objects now: 5839.
Memory consumption went from 159.3 MB to 159.2 MB.
Total: 5.235600 ms (FindLiveObjects: 0.511200 ms CreateObjectMapping: 0.543500 ms MarkObjects: 4.083800 ms  DeleteObjects: 0.096100 ms)

Prepare: number of updated asset objects reloaded= 0
AssetImportParameters requested are different than current active one (requested -> active):
  custom:scripting/monoscript/fileName/itemValue.cs: f69a7127b11a9b8b566deb4c834b3490 -> 76b03e834c3cc809239a75160e59ab39
  custom:scripting/monoscript/fileName/playerManager.cs: 84ef0c7614d528361310460d29c55d5d -> fa278fc629bee650391d87d1007e9d4f
  custom:scripting/monoscript/fileName/ItemHealth.cs: f197683c3140ac4987fc76906bf005e2 -> 6e83ce6a523189f6f5fb460bfec9c34c
  custom:video-decoder-webm-vp8: 9c59270c3fd7afecdb556c50c9e8de78 -> 
  custom:SearchIndexIgnoredProperties: e643bd26f0fe6173181afceb89e7c659 -> 
  custom:scripting/monoscript/fileName/EnemyBulletScript.cs: e7d80cb660805e36ee5a5f1e215edd4c -> e71ca06aed91363c19a7206f3db18599
  custom:audio-encoder-webm-vorbis: bf7c407c2cedff20999df2af8eb42d56 -> 
  custom:scripting/monoscript/fileName/swapEffect.cs: 0cc00060eb9fe855442098e55f47f51b -> 092546921d3567d2283bb63bbd74fda0
  custom:scripting/monoscript/fileName/EnemyManager.cs: b50740975fb3f50950e34a86a690c641 -> a5f2ce24d5a536281782526914f0e68f
  custom:scripting/monoscript/fileName/PlayerInventory.cs: 6a16196cffadf640070b73a126363a7b -> c5c7e2c06a5c2135f68eaadb62be68ca
  custom:scripting/monoscript/fileName/GroundCheck.cs: 104059698e3938b710e73a1ada3cf7f2 -> aada75943ddc5f9ec791997fb4db8e41
  custom:AudioImporter_EditorPlatform: d09bf68614088b80899f8185d706f6e7 -> 
  custom:scripting/monoscript/fileName/cameraFollow.cs: a3fe78019876429fcb14da267bffd902 -> d894ceed6075e22d3236a105a1c23932
  custom:audio-decoder-ogg-vorbis: bf7c407c2cedff20999df2af8eb42d56 -> 
  custom:scripting/monoscript/fileName/explosionEffect.cs: cd6f70cba070dfaf492cd981f8e5106d -> f7a2b1128d205f6881db76924b370bc7
  custom:video-encoder-webm-vp8: eb34c28f22e8b96e1ab97ce403110664 -> 
  custom:container-demuxer-ogg: 62fdf1f143b41e24485cea50d1cbac27 -> 
  custom:framework-win-MediaFoundation: 216162199b28c13a410421893ffa2e32 -> 
  custom:video-decoder-ogg-theora: a1e56fd34408186e4bbccfd4996cb3dc -> 
  custom:scripting/monoscript/fileName/Enemy_Shooting.cs: 481c6b4472e7963c51b9ff2968d9f6ea -> 1a20005d700cc7c18dc46972e59e8a2f
  custom:scripting/monoscript/fileName/PlayerAttackRadius.cs: 3c18793bbc046bb9e08e8760d79e10a8 -> 7d876089e18024672b620eaaf4a80dff
  custom:scripting/monoscript/fileName/enemyAgroZone.cs: 09aba223f5c5bb4d1d0468e9c70a1673 -> 6c97f386582314f236da33516b1efab9
  custom:container-muxer-webm: aa71ff27fc2769a1b78a27578f13a17b -> 
  custom:CustomObjectIndexerAttribute: 756ad292c208cfabdd7b50bc23989ffe -> 
  custom:container-demuxer-webm: 4f35f7cbe854078d1ac9338744f61a02 -> 
  custom:scripting/monoscript/fileName/CloudFollow.cs: 29792e68137c88b435b3365627368bc6 -> 60e200cdf9afe623b4fef037eb963996
  custom:scripting/monoscript/fileName/playerControls.cs: 60a921168e1f017f5a720f9acb18cd12 -> f38d6680a9972768abba5f059d08cf02
========================================================================
Received Prepare
Begin MonoManager ReloadAssembly
C:\build\output\Unity-Technologies\mono\mono\metadata\icall.c:1842:
C:\build\output\Unity-Technologies\mono\mono\metadata\icall.c:1842:
C:\build\output\Unity-Technologies\mono\mono\metadata\icall.c:1842:
C:\build\output\Unity-Technologies\mono\mono\metadata\icall.c:1842:
C:\build\output\Unity-Technologies\mono\mono\metadata\icall.c:1842:
C:\build\output\Unity-Technologies\mono\mono\metadata\icall.c:1842:
C:\build\output\Unity-Technologies\mono\mono\metadata\icall.c:1842:
C:\build\output\Unity-Technologies\mono\mono\metadata\icall.c:1842:
C:\build\output\Unity-Technologies\mono\mono\metadata\icall.c:1842:
C:\build\output\Unity-Technologies\mono\mono\metadata\icall.c:1842:
C:\build\output\Unity-Technologies\mono\mono\metadata\icall.c:1842:
C:\build\output\Unity-Technologies\mono\mono\metadata\icall.c:1842:
Symbol file LoadedFromMemory doesn't match image C:\Users\Luke\OneDrive\Documents\GitHub\Team-11-fixed\Library\PackageCache\com.unity.visualscripting@1.8.0\Editor\VisualScripting.Core\Dependencies\YamlDotNet\Unity.VisualScripting.YamlDotNet.dll
Symbol file LoadedFromMemory doesn't match image C:\Users\Luke\OneDrive\Documents\GitHub\Team-11-fixed\Library\PackageCache\com.unity.visualscripting@1.8.0\Editor\VisualScripting.Core\Dependencies\DotNetZip\Unity.VisualScripting.IonicZip.dll
- Loaded All Assemblies, in  0.889 seconds
Refreshing native plugins compatible for Editor in 4.77 ms, found 4 plugins.
Native extension for WindowsStandalone target not found
Mono: successfully reloaded assembly
- Finished resetting the current domain, in  1.230 seconds
Domain Reload Profiling: 2109ms
	BeginReloadAssembly (219ms)
		ExecutionOrderSort (0ms)
		DisableScriptedObjects (18ms)
		BackupInstance (0ms)
		ReleaseScriptingObjects (0ms)
		CreateAndSetChildDomain (50ms)
	RebuildCommonClasses (38ms)
	RebuildNativeTypeToScriptingClass (13ms)
	initialDomainReloadingComplete (28ms)
	LoadAllAssembliesAndSetupDomain (581ms)
		LoadAssemblies (356ms)
		RebuildTransferFunctionScriptingTraits (0ms)
		AnalyzeDomain (326ms)
			TypeCache.Refresh (314ms)
				TypeCache.ScanAssembly (301ms)
			ScanForSourceGeneratedMonoScriptInfo (4ms)
			ResolveRequiredComponents (7ms)
	FinalizeReload (1230ms)
		ReleaseScriptCaches (0ms)
		RebuildScriptCaches (0ms)
		SetupLoadedEditorAssemblies (551ms)
			LogAssemblyErrors (0ms)
			InitializePlatformSupportModulesInManaged (6ms)
			SetLoadedEditorAssemblies (5ms)
			BeforeProcessingInitializeOnLoad (104ms)
			ProcessInitializeOnLoadAttributes (398ms)
			ProcessInitializeOnLoadMethodAttributes (30ms)
			AfterProcessingInitializeOnLoad (7ms)
			EditorAssembliesLoaded (0ms)
		ExecutionOrderSort2 (0ms)
		AwakeInstancesAfterBackupRestoration (7ms)
Refreshing native plugins compatible for Editor in 5.31 ms, found 4 plugins.
Preloading 0 native plugins for Editor in 0.00 ms.
Unloading 4825 Unused Serialized files (Serialized files now loaded: 0)
Unloading 38 unused Assets / (92.7 KB). Loaded Objects now: 5854.
Memory consumption went from 159.3 MB to 159.2 MB.
Total: 5.190900 ms (FindLiveObjects: 0.401000 ms CreateObjectMapping: 0.570700 ms MarkObjects: 4.108700 ms  DeleteObjects: 0.109300 ms)

Prepare: number of updated asset objects reloaded= 0
AssetImportParameters requested are different than current active one (requested -> active):
  custom:scripting/monoscript/fileName/itemValue.cs: f69a7127b11a9b8b566deb4c834b3490 -> 76b03e834c3cc809239a75160e59ab39
  custom:scripting/monoscript/fileName/playerManager.cs: 84ef0c7614d528361310460d29c55d5d -> fa278fc629bee650391d87d1007e9d4f
  custom:scripting/monoscript/fileName/ItemHealth.cs: f197683c3140ac4987fc76906bf005e2 -> 6e83ce6a523189f6f5fb460bfec9c34c
  custom:video-decoder-webm-vp8: 9c59270c3fd7afecdb556c50c9e8de78 -> 
  custom:SearchIndexIgnoredProperties: e643bd26f0fe6173181afceb89e7c659 -> 
  custom:scripting/monoscript/fileName/EnemyBulletScript.cs: e7d80cb660805e36ee5a5f1e215edd4c -> e71ca06aed91363c19a7206f3db18599
  custom:audio-encoder-webm-vorbis: bf7c407c2cedff20999df2af8eb42d56 -> 
  custom:scripting/monoscript/fileName/swapEffect.cs: 0cc00060eb9fe855442098e55f47f51b -> 092546921d3567d2283bb63bbd74fda0
  custom:scripting/monoscript/fileName/EnemyManager.cs: b50740975fb3f50950e34a86a690c641 -> a5f2ce24d5a536281782526914f0e68f
  custom:scripting/monoscript/fileName/PlayerInventory.cs: 6a16196cffadf640070b73a126363a7b -> c5c7e2c06a5c2135f68eaadb62be68ca
  custom:scripting/monoscript/fileName/GroundCheck.cs: 104059698e3938b710e73a1ada3cf7f2 -> aada75943ddc5f9ec791997fb4db8e41
  custom:AudioImporter_EditorPlatform: d09bf68614088b80899f8185d706f6e7 -> 
  custom:scripting/monoscript/fileName/cameraFollow.cs: a3fe78019876429fcb14da267bffd902 -> d894ceed6075e22d3236a105a1c23932
  custom:audio-decoder-ogg-vorbis: bf7c407c2cedff20999df2af8eb42d56 -> 
  custom:scripting/monoscript/fileName/explosionEffect.cs: cd6f70cba070dfaf492cd981f8e5106d -> f7a2b1128d205f6881db76924b370bc7
  custom:video-encoder-webm-vp8: eb34c28f22e8b96e1ab97ce403110664 -> 
  custom:container-demuxer-ogg: 62fdf1f143b41e24485cea50d1cbac27 -> 
  custom:framework-win-MediaFoundation: 216162199b28c13a410421893ffa2e32 -> 
  custom:video-decoder-ogg-theora: a1e56fd34408186e4bbccfd4996cb3dc -> 
  custom:scripting/monoscript/fileName/Enemy_Shooting.cs: 481c6b4472e7963c51b9ff2968d9f6ea -> 1a20005d700cc7c18dc46972e59e8a2f
  custom:scripting/monoscript/fileName/PlayerAttackRadius.cs: 3c18793bbc046bb9e08e8760d79e10a8 -> 7d876089e18024672b620eaaf4a80dff
  custom:scripting/monoscript/fileName/enemyAgroZone.cs: 09aba223f5c5bb4d1d0468e9c70a1673 -> 6c97f386582314f236da33516b1efab9
  custom:container-muxer-webm: aa71ff27fc2769a1b78a27578f13a17b -> 
  custom:CustomObjectIndexerAttribute: 756ad292c208cfabdd7b50bc23989ffe -> 
  custom:container-demuxer-webm: 4f35f7cbe854078d1ac9338744f61a02 -> 
  custom:scripting/monoscript/fileName/CloudFollow.cs: 29792e68137c88b435b3365627368bc6 -> 60e200cdf9afe623b4fef037eb963996
  custom:scripting/monoscript/fileName/playerControls.cs: 60a921168e1f017f5a720f9acb18cd12 -> f38d6680a9972768abba5f059d08cf02
========================================================================
Received Import Request.
  Time since last request: 691.961633 seconds.
  path: Assets/PlayerSmall.prefab
  artifactKey: Guid(7cff3a68d8f63ec4ca50314f3a56c762) Importer(815301076,1909f56bfc062723c751e8b465ee728b)
Start importing Assets/PlayerSmall.prefab using Guid(7cff3a68d8f63ec4ca50314f3a56c762) Importer(815301076,1909f56bfc062723c751e8b465ee728b)  -> (artifact id: '55e4490ed69ba76a1784e04b86c3fe3d') in 0.084737 seconds
Internal: There are remaining Allocations on the JobTempAlloc. This is a leak, and will impact performance
To Debug, run app with -diag-job-temp-memory-leak-validation cmd line argument. This will output the callstacks of the leaked allocations.
Number of updated asset objects reloaded before import = 0
Number of asset objects unloaded after import = 44
========================================================================
Received Import Request.
  Time since last request: 0.000021 seconds.
  path: Assets/PlayerNormal.prefab
  artifactKey: Guid(666e7b60bac03524192b22a966d4f183) Importer(815301076,1909f56bfc062723c751e8b465ee728b)
Start importing Assets/PlayerNormal.prefab using Guid(666e7b60bac03524192b22a966d4f183) Importer(815301076,1909f56bfc062723c751e8b465ee728b)  -> (artifact id: '89a8364308d51d346192bfbf121ce5a7') in 0.022468 seconds
Internal: There are remaining Allocations on the JobTempAlloc. This is a leak, and will impact performance
To Debug, run app with -diag-job-temp-memory-leak-validation cmd line argument. This will output the callstacks of the leaked allocations.
Number of updated asset objects reloaded before import = 0
Number of asset objects unloaded after import = 80
========================================================================
Received Prepare
Begin MonoManager ReloadAssembly
C:\build\output\Unity-Technologies\mono\mono\metadata\icall.c:1842:
C:\build\output\Unity-Technologies\mono\mono\metadata\icall.c:1842:
C:\build\output\Unity-Technologies\mono\mono\metadata\icall.c:1842:
C:\build\output\Unity-Technologies\mono\mono\metadata\icall.c:1842:
C:\build\output\Unity-Technologies\mono\mono\metadata\icall.c:1842:
C:\build\output\Unity-Technologies\mono\mono\metadata\icall.c:1842:
C:\build\output\Unity-Technologies\mono\mono\metadata\icall.c:1842:
C:\build\output\Unity-Technologies\mono\mono\metadata\icall.c:1842:
C:\build\output\Unity-Technologies\mono\mono\metadata\icall.c:1842:
C:\build\output\Unity-Technologies\mono\mono\metadata\icall.c:1842:
C:\build\output\Unity-Technologies\mono\mono\metadata\icall.c:1842:
C:\build\output\Unity-Technologies\mono\mono\metadata\icall.c:1842:
Symbol file LoadedFromMemory doesn't match image C:\Users\Luke\OneDrive\Documents\GitHub\Team-11-fixed\Library\PackageCache\com.unity.visualscripting@1.8.0\Editor\VisualScripting.Core\Dependencies\YamlDotNet\Unity.VisualScripting.YamlDotNet.dll
Symbol file LoadedFromMemory doesn't match image C:\Users\Luke\OneDrive\Documents\GitHub\Team-11-fixed\Library\PackageCache\com.unity.visualscripting@1.8.0\Editor\VisualScripting.Core\Dependencies\DotNetZip\Unity.VisualScripting.IonicZip.dll
- Loaded All Assemblies, in  0.908 seconds
Refreshing native plugins compatible for Editor in 5.80 ms, found 4 plugins.
Native extension for WindowsStandalone target not found
Mono: successfully reloaded assembly
- Finished resetting the current domain, in  1.672 seconds
Domain Reload Profiling: 2575ms
	BeginReloadAssembly (213ms)
		ExecutionOrderSort (0ms)
		DisableScriptedObjects (16ms)
		BackupInstance (0ms)
		ReleaseScriptingObjects (0ms)
		CreateAndSetChildDomain (52ms)
	RebuildCommonClasses (38ms)
	RebuildNativeTypeToScriptingClass (13ms)
	initialDomainReloadingComplete (29ms)
	LoadAllAssembliesAndSetupDomain (609ms)
		LoadAssemblies (366ms)
		RebuildTransferFunctionScriptingTraits (0ms)
		AnalyzeDomain (339ms)
			TypeCache.Refresh (327ms)
				TypeCache.ScanAssembly (315ms)
			ScanForSourceGeneratedMonoScriptInfo (5ms)
			ResolveRequiredComponents (7ms)
	FinalizeReload (1673ms)
		ReleaseScriptCaches (0ms)
		RebuildScriptCaches (0ms)
		SetupLoadedEditorAssemblies (580ms)
			LogAssemblyErrors (0ms)
			InitializePlatformSupportModulesInManaged (6ms)
			SetLoadedEditorAssemblies (5ms)
			BeforeProcessingInitializeOnLoad (112ms)
			ProcessInitializeOnLoadAttributes (407ms)
			ProcessInitializeOnLoadMethodAttributes (40ms)
			AfterProcessingInitializeOnLoad (10ms)
			EditorAssembliesLoaded (0ms)
		ExecutionOrderSort2 (0ms)
		AwakeInstancesAfterBackupRestoration (8ms)
Refreshing native plugins compatible for Editor in 5.04 ms, found 4 plugins.
Preloading 0 native plugins for Editor in 0.00 ms.
Unloading 4824 Unused Serialized files (Serialized files now loaded: 0)
Unloading 40 unused Assets / (93.5 KB). Loaded Objects now: 5869.
Memory consumption went from 159.0 MB to 159.0 MB.
Total: 5.416100 ms (FindLiveObjects: 0.419900 ms CreateObjectMapping: 0.581900 ms MarkObjects: 4.300100 ms  DeleteObjects: 0.113300 ms)

Prepare: number of updated asset objects reloaded= 0
AssetImportParameters requested are different than current active one (requested -> active):
  custom:scripting/monoscript/fileName/itemValue.cs: f69a7127b11a9b8b566deb4c834b3490 -> 76b03e834c3cc809239a75160e59ab39
  custom:scripting/monoscript/fileName/playerManager.cs: 84ef0c7614d528361310460d29c55d5d -> fa278fc629bee650391d87d1007e9d4f
  custom:scripting/monoscript/fileName/ItemHealth.cs: f197683c3140ac4987fc76906bf005e2 -> 6e83ce6a523189f6f5fb460bfec9c34c
  custom:video-decoder-webm-vp8: 9c59270c3fd7afecdb556c50c9e8de78 -> 
  custom:SearchIndexIgnoredProperties: e643bd26f0fe6173181afceb89e7c659 -> 
  custom:scripting/monoscript/fileName/EnemyBulletScript.cs: e7d80cb660805e36ee5a5f1e215edd4c -> e71ca06aed91363c19a7206f3db18599
  custom:audio-encoder-webm-vorbis: bf7c407c2cedff20999df2af8eb42d56 -> 
  custom:scripting/monoscript/fileName/swapEffect.cs: 0cc00060eb9fe855442098e55f47f51b -> 092546921d3567d2283bb63bbd74fda0
  custom:scripting/monoscript/fileName/EnemyManager.cs: b50740975fb3f50950e34a86a690c641 -> a5f2ce24d5a536281782526914f0e68f
  custom:scripting/monoscript/fileName/PlayerInventory.cs: 6a16196cffadf640070b73a126363a7b -> c5c7e2c06a5c2135f68eaadb62be68ca
  custom:scripting/monoscript/fileName/GroundCheck.cs: 104059698e3938b710e73a1ada3cf7f2 -> aada75943ddc5f9ec791997fb4db8e41
  custom:AudioImporter_EditorPlatform: d09bf68614088b80899f8185d706f6e7 -> 
  custom:scripting/monoscript/fileName/cameraFollow.cs: a3fe78019876429fcb14da267bffd902 -> d894ceed6075e22d3236a105a1c23932
  custom:audio-decoder-ogg-vorbis: bf7c407c2cedff20999df2af8eb42d56 -> 
  custom:scripting/monoscript/fileName/explosionEffect.cs: cd6f70cba070dfaf492cd981f8e5106d -> f7a2b1128d205f6881db76924b370bc7
  custom:video-encoder-webm-vp8: eb34c28f22e8b96e1ab97ce403110664 -> 
  custom:container-demuxer-ogg: 62fdf1f143b41e24485cea50d1cbac27 -> 
  custom:framework-win-MediaFoundation: 216162199b28c13a410421893ffa2e32 -> 
  custom:video-decoder-ogg-theora: a1e56fd34408186e4bbccfd4996cb3dc -> 
  custom:scripting/monoscript/fileName/Enemy_Shooting.cs: 481c6b4472e7963c51b9ff2968d9f6ea -> 1a20005d700cc7c18dc46972e59e8a2f
  custom:scripting/monoscript/fileName/PlayerAttackRadius.cs: 3c18793bbc046bb9e08e8760d79e10a8 -> 7d876089e18024672b620eaaf4a80dff
  custom:scripting/monoscript/fileName/enemyAgroZone.cs: 09aba223f5c5bb4d1d0468e9c70a1673 -> 6c97f386582314f236da33516b1efab9
  custom:container-muxer-webm: aa71ff27fc2769a1b78a27578f13a17b -> 
  custom:CustomObjectIndexerAttribute: 756ad292c208cfabdd7b50bc23989ffe -> 
  custom:container-demuxer-webm: 4f35f7cbe854078d1ac9338744f61a02 -> 
  custom:scripting/monoscript/fileName/CloudFollow.cs: 29792e68137c88b435b3365627368bc6 -> 60e200cdf9afe623b4fef037eb963996
  custom:scripting/monoscript/fileName/playerControls.cs: 60a921168e1f017f5a720f9acb18cd12 -> f38d6680a9972768abba5f059d08cf02
========================================================================
Received Import Request.
  Time since last request: 172.600010 seconds.
  path: Assets/PlayerBig.prefab
  artifactKey: Guid(a69a0bf72be7f2346970e2fc886d081a) Importer(815301076,1909f56bfc062723c751e8b465ee728b)
Start importing Assets/PlayerBig.prefab using Guid(a69a0bf72be7f2346970e2fc886d081a) Importer(815301076,1909f56bfc062723c751e8b465ee728b)  -> (artifact id: '4b5d106597a04d085babe8d06f3cfd0a') in 0.096908 seconds
Internal: There are remaining Allocations on the JobTempAlloc. This is a leak, and will impact performance
To Debug, run app with -diag-job-temp-memory-leak-validation cmd line argument. This will output the callstacks of the leaked allocations.
Number of updated asset objects reloaded before import = 0
Number of asset objects unloaded after import = 58
========================================================================
Received Prepare
Begin MonoManager ReloadAssembly
C:\build\output\Unity-Technologies\mono\mono\metadata\icall.c:1842:
C:\build\output\Unity-Technologies\mono\mono\metadata\icall.c:1842:
C:\build\output\Unity-Technologies\mono\mono\metadata\icall.c:1842:
C:\build\output\Unity-Technologies\mono\mono\metadata\icall.c:1842:
C:\build\output\Unity-Technologies\mono\mono\metadata\icall.c:1842:
C:\build\output\Unity-Technologies\mono\mono\metadata\icall.c:1842:
C:\build\output\Unity-Technologies\mono\mono\metadata\icall.c:1842:
C:\build\output\Unity-Technologies\mono\mono\metadata\icall.c:1842:
C:\build\output\Unity-Technologies\mono\mono\metadata\icall.c:1842:
C:\build\output\Unity-Technologies\mono\mono\metadata\icall.c:1842:
C:\build\output\Unity-Technologies\mono\mono\metadata\icall.c:1842:
C:\build\output\Unity-Technologies\mono\mono\metadata\icall.c:1842:
Symbol file LoadedFromMemory doesn't match image C:\Users\Luke\OneDrive\Documents\GitHub\Team-11-fixed\Library\PackageCache\com.unity.visualscripting@1.8.0\Editor\VisualScripting.Core\Dependencies\YamlDotNet\Unity.VisualScripting.YamlDotNet.dll
Symbol file LoadedFromMemory doesn't match image C:\Users\Luke\OneDrive\Documents\GitHub\Team-11-fixed\Library\PackageCache\com.unity.visualscripting@1.8.0\Editor\VisualScripting.Core\Dependencies\DotNetZip\Unity.VisualScripting.IonicZip.dll
- Loaded All Assemblies, in  0.888 seconds
Refreshing native plugins compatible for Editor in 4.87 ms, found 4 plugins.
Native extension for WindowsStandalone target not found
Mono: successfully reloaded assembly
- Finished resetting the current domain, in  1.225 seconds
Domain Reload Profiling: 2107ms
	BeginReloadAssembly (200ms)
		ExecutionOrderSort (0ms)
		DisableScriptedObjects (13ms)
		BackupInstance (0ms)
		ReleaseScriptingObjects (0ms)
		CreateAndSetChildDomain (48ms)
	RebuildCommonClasses (38ms)
	RebuildNativeTypeToScriptingClass (19ms)
	initialDomainReloadingComplete (34ms)
	LoadAllAssembliesAndSetupDomain (592ms)
		LoadAssemblies (375ms)
		RebuildTransferFunctionScriptingTraits (0ms)
		AnalyzeDomain (311ms)
			TypeCache.Refresh (299ms)
				TypeCache.ScanAssembly (289ms)
			ScanForSourceGeneratedMonoScriptInfo (4ms)
			ResolveRequiredComponents (7ms)
	FinalizeReload (1225ms)
		ReleaseScriptCaches (0ms)
		RebuildScriptCaches (0ms)
		SetupLoadedEditorAssemblies (512ms)
			LogAssemblyErrors (0ms)
			InitializePlatformSupportModulesInManaged (6ms)
			SetLoadedEditorAssemblies (3ms)
			BeforeProcessingInitializeOnLoad (101ms)
			ProcessInitializeOnLoadAttributes (362ms)
			ProcessInitializeOnLoadMethodAttributes (31ms)
			AfterProcessingInitializeOnLoad (8ms)
			EditorAssembliesLoaded (0ms)
		ExecutionOrderSort2 (0ms)
		AwakeInstancesAfterBackupRestoration (8ms)
Refreshing native plugins compatible for Editor in 4.61 ms, found 4 plugins.
Preloading 0 native plugins for Editor in 0.00 ms.
Unloading 4823 Unused Serialized files (Serialized files now loaded: 0)
Unloading 41 unused Assets / (94.0 KB). Loaded Objects now: 5883.
Memory consumption went from 159.0 MB to 158.9 MB.
Total: 5.198200 ms (FindLiveObjects: 0.529800 ms CreateObjectMapping: 0.539100 ms MarkObjects: 4.014300 ms  DeleteObjects: 0.114100 ms)

Prepare: number of updated asset objects reloaded= 0
AssetImportParameters requested are different than current active one (requested -> active):
  custom:scripting/monoscript/fileName/itemValue.cs: f69a7127b11a9b8b566deb4c834b3490 -> 76b03e834c3cc809239a75160e59ab39
  custom:scripting/monoscript/fileName/playerManager.cs: 84ef0c7614d528361310460d29c55d5d -> fa278fc629bee650391d87d1007e9d4f
  custom:scripting/monoscript/fileName/ItemHealth.cs: f197683c3140ac4987fc76906bf005e2 -> 6e83ce6a523189f6f5fb460bfec9c34c
  custom:video-decoder-webm-vp8: 9c59270c3fd7afecdb556c50c9e8de78 -> 
  custom:SearchIndexIgnoredProperties: e643bd26f0fe6173181afceb89e7c659 -> 
  custom:scripting/monoscript/fileName/EnemyBulletScript.cs: e7d80cb660805e36ee5a5f1e215edd4c -> e71ca06aed91363c19a7206f3db18599
  custom:audio-encoder-webm-vorbis: bf7c407c2cedff20999df2af8eb42d56 -> 
  custom:scripting/monoscript/fileName/swapEffect.cs: 0cc00060eb9fe855442098e55f47f51b -> 092546921d3567d2283bb63bbd74fda0
  custom:scripting/monoscript/fileName/EnemyManager.cs: b50740975fb3f50950e34a86a690c641 -> a5f2ce24d5a536281782526914f0e68f
  custom:scripting/monoscript/fileName/PlayerInventory.cs: 6a16196cffadf640070b73a126363a7b -> c5c7e2c06a5c2135f68eaadb62be68ca
  custom:scripting/monoscript/fileName/GroundCheck.cs: 104059698e3938b710e73a1ada3cf7f2 -> aada75943ddc5f9ec791997fb4db8e41
  custom:AudioImporter_EditorPlatform: d09bf68614088b80899f8185d706f6e7 -> 
  custom:scripting/monoscript/fileName/cameraFollow.cs: a3fe78019876429fcb14da267bffd902 -> d894ceed6075e22d3236a105a1c23932
  custom:audio-decoder-ogg-vorbis: bf7c407c2cedff20999df2af8eb42d56 -> 
  custom:scripting/monoscript/fileName/explosionEffect.cs: cd6f70cba070dfaf492cd981f8e5106d -> f7a2b1128d205f6881db76924b370bc7
  custom:video-encoder-webm-vp8: eb34c28f22e8b96e1ab97ce403110664 -> 
  custom:container-demuxer-ogg: 62fdf1f143b41e24485cea50d1cbac27 -> 
  custom:framework-win-MediaFoundation: 216162199b28c13a410421893ffa2e32 -> 
  custom:video-decoder-ogg-theora: a1e56fd34408186e4bbccfd4996cb3dc -> 
  custom:scripting/monoscript/fileName/Enemy_Shooting.cs: 481c6b4472e7963c51b9ff2968d9f6ea -> 1a20005d700cc7c18dc46972e59e8a2f
  custom:scripting/monoscript/fileName/PlayerAttackRadius.cs: 3c18793bbc046bb9e08e8760d79e10a8 -> 7d876089e18024672b620eaaf4a80dff
  custom:scripting/monoscript/fileName/enemyAgroZone.cs: 09aba223f5c5bb4d1d0468e9c70a1673 -> 6c97f386582314f236da33516b1efab9
  custom:container-muxer-webm: aa71ff27fc2769a1b78a27578f13a17b -> 
  custom:CustomObjectIndexerAttribute: 756ad292c208cfabdd7b50bc23989ffe -> 
  custom:container-demuxer-webm: 4f35f7cbe854078d1ac9338744f61a02 -> 
  custom:scripting/monoscript/fileName/CloudFollow.cs: 29792e68137c88b435b3365627368bc6 -> 60e200cdf9afe623b4fef037eb963996
  custom:scripting/monoscript/fileName/playerControls.cs: 60a921168e1f017f5a720f9acb18cd12 -> f38d6680a9972768abba5f059d08cf02
========================================================================
Received Prepare
Begin MonoManager ReloadAssembly
C:\build\output\Unity-Technologies\mono\mono\metadata\icall.c:1842:
C:\build\output\Unity-Technologies\mono\mono\metadata\icall.c:1842:
C:\build\output\Unity-Technologies\mono\mono\metadata\icall.c:1842:
C:\build\output\Unity-Technologies\mono\mono\metadata\icall.c:1842:
C:\build\output\Unity-Technologies\mono\mono\metadata\icall.c:1842:
C:\build\output\Unity-Technologies\mono\mono\metadata\icall.c:1842:
C:\build\output\Unity-Technologies\mono\mono\metadata\icall.c:1842:
C:\build\output\Unity-Technologies\mono\mono\metadata\icall.c:1842:
C:\build\output\Unity-Technologies\mono\mono\metadata\icall.c:1842:
C:\build\output\Unity-Technologies\mono\mono\metadata\icall.c:1842:
C:\build\output\Unity-Technologies\mono\mono\metadata\icall.c:1842:
C:\build\output\Unity-Technologies\mono\mono\metadata\icall.c:1842:
Symbol file LoadedFromMemory doesn't match image C:\Users\Luke\OneDrive\Documents\GitHub\Team-11-fixed\Library\PackageCache\com.unity.visualscripting@1.8.0\Editor\VisualScripting.Core\Dependencies\YamlDotNet\Unity.VisualScripting.YamlDotNet.dll
Symbol file LoadedFromMemory doesn't match image C:\Users\Luke\OneDrive\Documents\GitHub\Team-11-fixed\Library\PackageCache\com.unity.visualscripting@1.8.0\Editor\VisualScripting.Core\Dependencies\DotNetZip\Unity.VisualScripting.IonicZip.dll
- Loaded All Assemblies, in  0.846 seconds
Refreshing native plugins compatible for Editor in 4.91 ms, found 4 plugins.
Native extension for WindowsStandalone target not found
Mono: successfully reloaded assembly
- Finished resetting the current domain, in  1.374 seconds
Domain Reload Profiling: 2213ms
	BeginReloadAssembly (193ms)
		ExecutionOrderSort (0ms)
		DisableScriptedObjects (14ms)
		BackupInstance (0ms)
		ReleaseScriptingObjects (0ms)
		CreateAndSetChildDomain (46ms)
	RebuildCommonClasses (46ms)
	RebuildNativeTypeToScriptingClass (19ms)
	initialDomainReloadingComplete (29ms)
	LoadAllAssembliesAndSetupDomain (552ms)
		LoadAssemblies (329ms)
		RebuildTransferFunctionScriptingTraits (0ms)
		AnalyzeDomain (312ms)
			TypeCache.Refresh (304ms)
				TypeCache.ScanAssembly (292ms)
			ScanForSourceGeneratedMonoScriptInfo (0ms)
			ResolveRequiredComponents (7ms)
	FinalizeReload (1375ms)
		ReleaseScriptCaches (0ms)
		RebuildScriptCaches (0ms)
		SetupLoadedEditorAssemblies (659ms)
			LogAssemblyErrors (0ms)
			InitializePlatformSupportModulesInManaged (8ms)
			SetLoadedEditorAssemblies (5ms)
			BeforeProcessingInitializeOnLoad (129ms)
			ProcessInitializeOnLoadAttributes (469ms)
			ProcessInitializeOnLoadMethodAttributes (38ms)
			AfterProcessingInitializeOnLoad (9ms)
			EditorAssembliesLoaded (0ms)
		ExecutionOrderSort2 (0ms)
		AwakeInstancesAfterBackupRestoration (10ms)
Refreshing native plugins compatible for Editor in 7.15 ms, found 4 plugins.
Preloading 0 native plugins for Editor in 0.00 ms.
Unloading 4824 Unused Serialized files (Serialized files now loaded: 0)
Unloading 38 unused Assets / (92.7 KB). Loaded Objects now: 5898.
Memory consumption went from 159.3 MB to 159.2 MB.
Total: 6.375800 ms (FindLiveObjects: 0.482200 ms CreateObjectMapping: 0.549600 ms MarkObjects: 5.239400 ms  DeleteObjects: 0.103700 ms)

Prepare: number of updated asset objects reloaded= 0
AssetImportParameters requested are different than current active one (requested -> active):
  custom:scripting/monoscript/fileName/itemValue.cs: f69a7127b11a9b8b566deb4c834b3490 -> 76b03e834c3cc809239a75160e59ab39
  custom:scripting/monoscript/fileName/playerManager.cs: 84ef0c7614d528361310460d29c55d5d -> fa278fc629bee650391d87d1007e9d4f
  custom:scripting/monoscript/fileName/ItemHealth.cs: f197683c3140ac4987fc76906bf005e2 -> 6e83ce6a523189f6f5fb460bfec9c34c
  custom:video-decoder-webm-vp8: 9c59270c3fd7afecdb556c50c9e8de78 -> 
  custom:SearchIndexIgnoredProperties: e643bd26f0fe6173181afceb89e7c659 -> 
  custom:scripting/monoscript/fileName/EnemyBulletScript.cs: e7d80cb660805e36ee5a5f1e215edd4c -> e71ca06aed91363c19a7206f3db18599
  custom:audio-encoder-webm-vorbis: bf7c407c2cedff20999df2af8eb42d56 -> 
  custom:scripting/monoscript/fileName/swapEffect.cs: 0cc00060eb9fe855442098e55f47f51b -> 092546921d3567d2283bb63bbd74fda0
  custom:scripting/monoscript/fileName/EnemyManager.cs: b50740975fb3f50950e34a86a690c641 -> a5f2ce24d5a536281782526914f0e68f
  custom:scripting/monoscript/fileName/PlayerInventory.cs: 6a16196cffadf640070b73a126363a7b -> c5c7e2c06a5c2135f68eaadb62be68ca
  custom:scripting/monoscript/fileName/GroundCheck.cs: 104059698e3938b710e73a1ada3cf7f2 -> aada75943ddc5f9ec791997fb4db8e41
  custom:AudioImporter_EditorPlatform: d09bf68614088b80899f8185d706f6e7 -> 
  custom:scripting/monoscript/fileName/cameraFollow.cs: a3fe78019876429fcb14da267bffd902 -> d894ceed6075e22d3236a105a1c23932
  custom:audio-decoder-ogg-vorbis: bf7c407c2cedff20999df2af8eb42d56 -> 
  custom:scripting/monoscript/fileName/explosionEffect.cs: cd6f70cba070dfaf492cd981f8e5106d -> f7a2b1128d205f6881db76924b370bc7
  custom:video-encoder-webm-vp8: eb34c28f22e8b96e1ab97ce403110664 -> 
  custom:container-demuxer-ogg: 62fdf1f143b41e24485cea50d1cbac27 -> 
  custom:framework-win-MediaFoundation: 216162199b28c13a410421893ffa2e32 -> 
  custom:video-decoder-ogg-theora: a1e56fd34408186e4bbccfd4996cb3dc -> 
  custom:scripting/monoscript/fileName/Enemy_Shooting.cs: 481c6b4472e7963c51b9ff2968d9f6ea -> 1a20005d700cc7c18dc46972e59e8a2f
  custom:scripting/monoscript/fileName/PlayerAttackRadius.cs: 3c18793bbc046bb9e08e8760d79e10a8 -> 7d876089e18024672b620eaaf4a80dff
  custom:scripting/monoscript/fileName/enemyAgroZone.cs: 09aba223f5c5bb4d1d0468e9c70a1673 -> 6c97f386582314f236da33516b1efab9
  custom:container-muxer-webm: aa71ff27fc2769a1b78a27578f13a17b -> 
  custom:CustomObjectIndexerAttribute: 756ad292c208cfabdd7b50bc23989ffe -> 
  custom:container-demuxer-webm: 4f35f7cbe854078d1ac9338744f61a02 -> 
  custom:scripting/monoscript/fileName/CloudFollow.cs: 29792e68137c88b435b3365627368bc6 -> 60e200cdf9afe623b4fef037eb963996
  custom:scripting/monoscript/fileName/playerControls.cs: 60a921168e1f017f5a720f9acb18cd12 -> f38d6680a9972768abba5f059d08cf02
========================================================================
Received Prepare
Begin MonoManager ReloadAssembly
C:\build\output\Unity-Technologies\mono\mono\metadata\icall.c:1842:
C:\build\output\Unity-Technologies\mono\mono\metadata\icall.c:1842:
C:\build\output\Unity-Technologies\mono\mono\metadata\icall.c:1842:
C:\build\output\Unity-Technologies\mono\mono\metadata\icall.c:1842:
C:\build\output\Unity-Technologies\mono\mono\metadata\icall.c:1842:
C:\build\output\Unity-Technologies\mono\mono\metadata\icall.c:1842:
C:\build\output\Unity-Technologies\mono\mono\metadata\icall.c:1842:
C:\build\output\Unity-Technologies\mono\mono\metadata\icall.c:1842:
C:\build\output\Unity-Technologies\mono\mono\metadata\icall.c:1842:
C:\build\output\Unity-Technologies\mono\mono\metadata\icall.c:1842:
C:\build\output\Unity-Technologies\mono\mono\metadata\icall.c:1842:
C:\build\output\Unity-Technologies\mono\mono\metadata\icall.c:1842:
Symbol file LoadedFromMemory doesn't match image C:\Users\Luke\OneDrive\Documents\GitHub\Team-11-fixed\Library\PackageCache\com.unity.visualscripting@1.8.0\Editor\VisualScripting.Core\Dependencies\YamlDotNet\Unity.VisualScripting.YamlDotNet.dll
Symbol file LoadedFromMemory doesn't match image C:\Users\Luke\OneDrive\Documents\GitHub\Team-11-fixed\Library\PackageCache\com.unity.visualscripting@1.8.0\Editor\VisualScripting.Core\Dependencies\DotNetZip\Unity.VisualScripting.IonicZip.dll
- Loaded All Assemblies, in  0.846 seconds
Refreshing native plugins compatible for Editor in 5.55 ms, found 4 plugins.
Native extension for WindowsStandalone target not found
Mono: successfully reloaded assembly
- Finished resetting the current domain, in  1.449 seconds
Domain Reload Profiling: 2288ms
	BeginReloadAssembly (195ms)
		ExecutionOrderSort (0ms)
		DisableScriptedObjects (14ms)
		BackupInstance (0ms)
		ReleaseScriptingObjects (0ms)
		CreateAndSetChildDomain (44ms)
	RebuildCommonClasses (38ms)
	RebuildNativeTypeToScriptingClass (13ms)
	initialDomainReloadingComplete (28ms)
	LoadAllAssembliesAndSetupDomain (565ms)
		LoadAssemblies (349ms)
		RebuildTransferFunctionScriptingTraits (0ms)
		AnalyzeDomain (309ms)
			TypeCache.Refresh (301ms)
				TypeCache.ScanAssembly (290ms)
			ScanForSourceGeneratedMonoScriptInfo (0ms)
			ResolveRequiredComponents (8ms)
	FinalizeReload (1449ms)
		ReleaseScriptCaches (0ms)
		RebuildScriptCaches (0ms)
		SetupLoadedEditorAssemblies (654ms)
			LogAssemblyErrors (0ms)
			InitializePlatformSupportModulesInManaged (7ms)
			SetLoadedEditorAssemblies (5ms)
			BeforeProcessingInitializeOnLoad (126ms)
			ProcessInitializeOnLoadAttributes (472ms)
			ProcessInitializeOnLoadMethodAttributes (36ms)
			AfterProcessingInitializeOnLoad (8ms)
			EditorAssembliesLoaded (0ms)
		ExecutionOrderSort2 (0ms)
		AwakeInstancesAfterBackupRestoration (10ms)
Refreshing native plugins compatible for Editor in 5.96 ms, found 4 plugins.
Preloading 0 native plugins for Editor in 0.00 ms.
Unloading 4824 Unused Serialized files (Serialized files now loaded: 0)
Unloading 38 unused Assets / (92.7 KB). Loaded Objects now: 5913.
Memory consumption went from 159.4 MB to 159.3 MB.
Total: 4.524500 ms (FindLiveObjects: 0.460600 ms CreateObjectMapping: 0.508300 ms MarkObjects: 3.481100 ms  DeleteObjects: 0.073700 ms)

Prepare: number of updated asset objects reloaded= 0
AssetImportParameters requested are different than current active one (requested -> active):
  custom:scripting/monoscript/fileName/itemValue.cs: f69a7127b11a9b8b566deb4c834b3490 -> 76b03e834c3cc809239a75160e59ab39
  custom:scripting/monoscript/fileName/playerManager.cs: 84ef0c7614d528361310460d29c55d5d -> fa278fc629bee650391d87d1007e9d4f
  custom:scripting/monoscript/fileName/ItemHealth.cs: f197683c3140ac4987fc76906bf005e2 -> 6e83ce6a523189f6f5fb460bfec9c34c
  custom:video-decoder-webm-vp8: 9c59270c3fd7afecdb556c50c9e8de78 -> 
  custom:SearchIndexIgnoredProperties: e643bd26f0fe6173181afceb89e7c659 -> 
  custom:scripting/monoscript/fileName/EnemyBulletScript.cs: e7d80cb660805e36ee5a5f1e215edd4c -> e71ca06aed91363c19a7206f3db18599
  custom:audio-encoder-webm-vorbis: bf7c407c2cedff20999df2af8eb42d56 -> 
  custom:scripting/monoscript/fileName/swapEffect.cs: 0cc00060eb9fe855442098e55f47f51b -> 092546921d3567d2283bb63bbd74fda0
  custom:scripting/monoscript/fileName/EnemyManager.cs: b50740975fb3f50950e34a86a690c641 -> a5f2ce24d5a536281782526914f0e68f
  custom:scripting/monoscript/fileName/PlayerInventory.cs: 6a16196cffadf640070b73a126363a7b -> c5c7e2c06a5c2135f68eaadb62be68ca
  custom:scripting/monoscript/fileName/GroundCheck.cs: 104059698e3938b710e73a1ada3cf7f2 -> aada75943ddc5f9ec791997fb4db8e41
  custom:AudioImporter_EditorPlatform: d09bf68614088b80899f8185d706f6e7 -> 
  custom:scripting/monoscript/fileName/cameraFollow.cs: a3fe78019876429fcb14da267bffd902 -> d894ceed6075e22d3236a105a1c23932
  custom:audio-decoder-ogg-vorbis: bf7c407c2cedff20999df2af8eb42d56 -> 
  custom:scripting/monoscript/fileName/explosionEffect.cs: cd6f70cba070dfaf492cd981f8e5106d -> f7a2b1128d205f6881db76924b370bc7
  custom:video-encoder-webm-vp8: eb34c28f22e8b96e1ab97ce403110664 -> 
  custom:container-demuxer-ogg: 62fdf1f143b41e24485cea50d1cbac27 -> 
  custom:framework-win-MediaFoundation: 216162199b28c13a410421893ffa2e32 -> 
  custom:video-decoder-ogg-theora: a1e56fd34408186e4bbccfd4996cb3dc -> 
  custom:scripting/monoscript/fileName/Enemy_Shooting.cs: 481c6b4472e7963c51b9ff2968d9f6ea -> 1a20005d700cc7c18dc46972e59e8a2f
  custom:scripting/monoscript/fileName/PlayerAttackRadius.cs: 3c18793bbc046bb9e08e8760d79e10a8 -> 7d876089e18024672b620eaaf4a80dff
  custom:scripting/monoscript/fileName/enemyAgroZone.cs: 09aba223f5c5bb4d1d0468e9c70a1673 -> 6c97f386582314f236da33516b1efab9
  custom:container-muxer-webm: aa71ff27fc2769a1b78a27578f13a17b -> 
  custom:CustomObjectIndexerAttribute: 756ad292c208cfabdd7b50bc23989ffe -> 
  custom:container-demuxer-webm: 4f35f7cbe854078d1ac9338744f61a02 -> 
  custom:scripting/monoscript/fileName/CloudFollow.cs: 29792e68137c88b435b3365627368bc6 -> 60e200cdf9afe623b4fef037eb963996
  custom:scripting/monoscript/fileName/playerControls.cs: 60a921168e1f017f5a720f9acb18cd12 -> f38d6680a9972768abba5f059d08cf02
========================================================================
Received Prepare
Begin MonoManager ReloadAssembly
C:\build\output\Unity-Technologies\mono\mono\metadata\icall.c:1842:
C:\build\output\Unity-Technologies\mono\mono\metadata\icall.c:1842:
C:\build\output\Unity-Technologies\mono\mono\metadata\icall.c:1842:
C:\build\output\Unity-Technologies\mono\mono\metadata\icall.c:1842:
C:\build\output\Unity-Technologies\mono\mono\metadata\icall.c:1842:
C:\build\output\Unity-Technologies\mono\mono\metadata\icall.c:1842:
C:\build\output\Unity-Technologies\mono\mono\metadata\icall.c:1842:
C:\build\output\Unity-Technologies\mono\mono\metadata\icall.c:1842:
C:\build\output\Unity-Technologies\mono\mono\metadata\icall.c:1842:
C:\build\output\Unity-Technologies\mono\mono\metadata\icall.c:1842:
C:\build\output\Unity-Technologies\mono\mono\metadata\icall.c:1842:
C:\build\output\Unity-Technologies\mono\mono\metadata\icall.c:1842:
Symbol file LoadedFromMemory doesn't match image C:\Users\Luke\OneDrive\Documents\GitHub\Team-11-fixed\Library\PackageCache\com.unity.visualscripting@1.8.0\Editor\VisualScripting.Core\Dependencies\YamlDotNet\Unity.VisualScripting.YamlDotNet.dll
Symbol file LoadedFromMemory doesn't match image C:\Users\Luke\OneDrive\Documents\GitHub\Team-11-fixed\Library\PackageCache\com.unity.visualscripting@1.8.0\Editor\VisualScripting.Core\Dependencies\DotNetZip\Unity.VisualScripting.IonicZip.dll
- Loaded All Assemblies, in  0.887 seconds
Refreshing native plugins compatible for Editor in 6.27 ms, found 4 plugins.
Native extension for WindowsStandalone target not found
Mono: successfully reloaded assembly
- Finished resetting the current domain, in  1.435 seconds
Domain Reload Profiling: 2316ms
	BeginReloadAssembly (201ms)
		ExecutionOrderSort (0ms)
		DisableScriptedObjects (15ms)
		BackupInstance (0ms)
		ReleaseScriptingObjects (0ms)
		CreateAndSetChildDomain (44ms)
	RebuildCommonClasses (34ms)
	RebuildNativeTypeToScriptingClass (20ms)
	initialDomainReloadingComplete (37ms)
	LoadAllAssembliesAndSetupDomain (589ms)
		LoadAssemblies (345ms)
		RebuildTransferFunctionScriptingTraits (0ms)
		AnalyzeDomain (340ms)
			TypeCache.Refresh (331ms)
				TypeCache.ScanAssembly (318ms)
			ScanForSourceGeneratedMonoScriptInfo (0ms)
			ResolveRequiredComponents (9ms)
	FinalizeReload (1436ms)
		ReleaseScriptCaches (0ms)
		RebuildScriptCaches (0ms)
		SetupLoadedEditorAssemblies (649ms)
			LogAssemblyErrors (0ms)
			InitializePlatformSupportModulesInManaged (7ms)
			SetLoadedEditorAssemblies (4ms)
			BeforeProcessingInitializeOnLoad (121ms)
			ProcessInitializeOnLoadAttributes (471ms)
			ProcessInitializeOnLoadMethodAttributes (37ms)
			AfterProcessingInitializeOnLoad (8ms)
			EditorAssembliesLoaded (0ms)
		ExecutionOrderSort2 (0ms)
		AwakeInstancesAfterBackupRestoration (10ms)
Refreshing native plugins compatible for Editor in 5.97 ms, found 4 plugins.
Preloading 0 native plugins for Editor in 0.00 ms.
Unloading 4824 Unused Serialized files (Serialized files now loaded: 0)
Unloading 38 unused Assets / (92.7 KB). Loaded Objects now: 5928.
Memory consumption went from 159.4 MB to 159.3 MB.
Total: 5.533400 ms (FindLiveObjects: 0.500300 ms CreateObjectMapping: 0.532400 ms MarkObjects: 4.420200 ms  DeleteObjects: 0.079300 ms)

Prepare: number of updated asset objects reloaded= 0
AssetImportParameters requested are different than current active one (requested -> active):
  custom:scripting/monoscript/fileName/itemValue.cs: f69a7127b11a9b8b566deb4c834b3490 -> 76b03e834c3cc809239a75160e59ab39
  custom:scripting/monoscript/fileName/playerManager.cs: 84ef0c7614d528361310460d29c55d5d -> fa278fc629bee650391d87d1007e9d4f
  custom:scripting/monoscript/fileName/ItemHealth.cs: f197683c3140ac4987fc76906bf005e2 -> 6e83ce6a523189f6f5fb460bfec9c34c
  custom:video-decoder-webm-vp8: 9c59270c3fd7afecdb556c50c9e8de78 -> 
  custom:SearchIndexIgnoredProperties: e643bd26f0fe6173181afceb89e7c659 -> 
  custom:scripting/monoscript/fileName/EnemyBulletScript.cs: e7d80cb660805e36ee5a5f1e215edd4c -> e71ca06aed91363c19a7206f3db18599
  custom:audio-encoder-webm-vorbis: bf7c407c2cedff20999df2af8eb42d56 -> 
  custom:scripting/monoscript/fileName/swapEffect.cs: 0cc00060eb9fe855442098e55f47f51b -> 092546921d3567d2283bb63bbd74fda0
  custom:scripting/monoscript/fileName/EnemyManager.cs: b50740975fb3f50950e34a86a690c641 -> a5f2ce24d5a536281782526914f0e68f
  custom:scripting/monoscript/fileName/PlayerInventory.cs: 6a16196cffadf640070b73a126363a7b -> c5c7e2c06a5c2135f68eaadb62be68ca
  custom:scripting/monoscript/fileName/GroundCheck.cs: 104059698e3938b710e73a1ada3cf7f2 -> aada75943ddc5f9ec791997fb4db8e41
  custom:AudioImporter_EditorPlatform: d09bf68614088b80899f8185d706f6e7 -> 
  custom:scripting/monoscript/fileName/cameraFollow.cs: a3fe78019876429fcb14da267bffd902 -> d894ceed6075e22d3236a105a1c23932
  custom:audio-decoder-ogg-vorbis: bf7c407c2cedff20999df2af8eb42d56 -> 
  custom:scripting/monoscript/fileName/explosionEffect.cs: cd6f70cba070dfaf492cd981f8e5106d -> f7a2b1128d205f6881db76924b370bc7
  custom:video-encoder-webm-vp8: eb34c28f22e8b96e1ab97ce403110664 -> 
  custom:container-demuxer-ogg: 62fdf1f143b41e24485cea50d1cbac27 -> 
  custom:framework-win-MediaFoundation: 216162199b28c13a410421893ffa2e32 -> 
  custom:video-decoder-ogg-theora: a1e56fd34408186e4bbccfd4996cb3dc -> 
  custom:scripting/monoscript/fileName/Enemy_Shooting.cs: 481c6b4472e7963c51b9ff2968d9f6ea -> 1a20005d700cc7c18dc46972e59e8a2f
  custom:scripting/monoscript/fileName/PlayerAttackRadius.cs: 3c18793bbc046bb9e08e8760d79e10a8 -> 7d876089e18024672b620eaaf4a80dff
  custom:scripting/monoscript/fileName/enemyAgroZone.cs: 09aba223f5c5bb4d1d0468e9c70a1673 -> 6c97f386582314f236da33516b1efab9
  custom:container-muxer-webm: aa71ff27fc2769a1b78a27578f13a17b -> 
  custom:CustomObjectIndexerAttribute: 756ad292c208cfabdd7b50bc23989ffe -> 
  custom:container-demuxer-webm: 4f35f7cbe854078d1ac9338744f61a02 -> 
  custom:scripting/monoscript/fileName/CloudFollow.cs: 29792e68137c88b435b3365627368bc6 -> 60e200cdf9afe623b4fef037eb963996
  custom:scripting/monoscript/fileName/playerControls.cs: 60a921168e1f017f5a720f9acb18cd12 -> f38d6680a9972768abba5f059d08cf02
========================================================================
Received Import Request.
  Time since last request: 473.129764 seconds.
  path: Assets/PlayerNormal.prefab
  artifactKey: Guid(666e7b60bac03524192b22a966d4f183) Importer(815301076,1909f56bfc062723c751e8b465ee728b)
Start importing Assets/PlayerNormal.prefab using Guid(666e7b60bac03524192b22a966d4f183) Importer(815301076,1909f56bfc062723c751e8b465ee728b)  -> (artifact id: 'a420a8419d475f9c3cf070887bb15917') in 0.125938 seconds
Internal: There are remaining Allocations on the JobTempAlloc. This is a leak, and will impact performance
To Debug, run app with -diag-job-temp-memory-leak-validation cmd line argument. This will output the callstacks of the leaked allocations.
Number of updated asset objects reloaded before import = 0
Number of asset objects unloaded after import = 87
========================================================================
Received Prepare
Begin MonoManager ReloadAssembly
C:\build\output\Unity-Technologies\mono\mono\metadata\icall.c:1842:
C:\build\output\Unity-Technologies\mono\mono\metadata\icall.c:1842:
C:\build\output\Unity-Technologies\mono\mono\metadata\icall.c:1842:
C:\build\output\Unity-Technologies\mono\mono\metadata\icall.c:1842:
C:\build\output\Unity-Technologies\mono\mono\metadata\icall.c:1842:
C:\build\output\Unity-Technologies\mono\mono\metadata\icall.c:1842:
C:\build\output\Unity-Technologies\mono\mono\metadata\icall.c:1842:
C:\build\output\Unity-Technologies\mono\mono\metadata\icall.c:1842:
C:\build\output\Unity-Technologies\mono\mono\metadata\icall.c:1842:
C:\build\output\Unity-Technologies\mono\mono\metadata\icall.c:1842:
C:\build\output\Unity-Technologies\mono\mono\metadata\icall.c:1842:
C:\build\output\Unity-Technologies\mono\mono\metadata\icall.c:1842:
Symbol file LoadedFromMemory doesn't match image C:\Users\Luke\OneDrive\Documents\GitHub\Team-11-fixed\Library\PackageCache\com.unity.visualscripting@1.8.0\Editor\VisualScripting.Core\Dependencies\YamlDotNet\Unity.VisualScripting.YamlDotNet.dll
Symbol file LoadedFromMemory doesn't match image C:\Users\Luke\OneDrive\Documents\GitHub\Team-11-fixed\Library\PackageCache\com.unity.visualscripting@1.8.0\Editor\VisualScripting.Core\Dependencies\DotNetZip\Unity.VisualScripting.IonicZip.dll
- Loaded All Assemblies, in  0.867 seconds
Refreshing native plugins compatible for Editor in 6.66 ms, found 4 plugins.
Native extension for WindowsStandalone target not found
Mono: successfully reloaded assembly
- Finished resetting the current domain, in  1.364 seconds
Domain Reload Profiling: 2223ms
	BeginReloadAssembly (201ms)
		ExecutionOrderSort (0ms)
		DisableScriptedObjects (13ms)
		BackupInstance (0ms)
		ReleaseScriptingObjects (0ms)
		CreateAndSetChildDomain (47ms)
	RebuildCommonClasses (39ms)
	RebuildNativeTypeToScriptingClass (19ms)
	initialDomainReloadingComplete (34ms)
	LoadAllAssembliesAndSetupDomain (565ms)
		LoadAssemblies (350ms)
		RebuildTransferFunctionScriptingTraits (0ms)
		AnalyzeDomain (313ms)
			TypeCache.Refresh (296ms)
				TypeCache.ScanAssembly (285ms)
			ScanForSourceGeneratedMonoScriptInfo (6ms)
			ResolveRequiredComponents (10ms)
	FinalizeReload (1365ms)
		ReleaseScriptCaches (0ms)
		RebuildScriptCaches (0ms)
		SetupLoadedEditorAssemblies (555ms)
			LogAssemblyErrors (0ms)
			InitializePlatformSupportModulesInManaged (9ms)
			SetLoadedEditorAssemblies (4ms)
			BeforeProcessingInitializeOnLoad (114ms)
			ProcessInitializeOnLoadAttributes (391ms)
			ProcessInitializeOnLoadMethodAttributes (30ms)
			AfterProcessingInitializeOnLoad (6ms)
			EditorAssembliesLoaded (0ms)
		ExecutionOrderSort2 (0ms)
		AwakeInstancesAfterBackupRestoration (10ms)
Refreshing native plugins compatible for Editor in 5.44 ms, found 4 plugins.
Preloading 0 native plugins for Editor in 0.00 ms.
Unloading 4823 Unused Serialized files (Serialized files now loaded: 0)
Unloading 40 unused Assets / (94.5 KB). Loaded Objects now: 5943.
Memory consumption went from 159.1 MB to 159.1 MB.
Total: 4.915200 ms (FindLiveObjects: 0.418400 ms CreateObjectMapping: 0.437700 ms MarkObjects: 3.941300 ms  DeleteObjects: 0.117000 ms)

Prepare: number of updated asset objects reloaded= 0
AssetImportParameters requested are different than current active one (requested -> active):
  custom:scripting/monoscript/fileName/itemValue.cs: f69a7127b11a9b8b566deb4c834b3490 -> 76b03e834c3cc809239a75160e59ab39
  custom:scripting/monoscript/fileName/playerManager.cs: 84ef0c7614d528361310460d29c55d5d -> fa278fc629bee650391d87d1007e9d4f
  custom:scripting/monoscript/fileName/ItemHealth.cs: f197683c3140ac4987fc76906bf005e2 -> 6e83ce6a523189f6f5fb460bfec9c34c
  custom:video-decoder-webm-vp8: 9c59270c3fd7afecdb556c50c9e8de78 -> 
  custom:SearchIndexIgnoredProperties: e643bd26f0fe6173181afceb89e7c659 -> 
  custom:scripting/monoscript/fileName/EnemyBulletScript.cs: e7d80cb660805e36ee5a5f1e215edd4c -> e71ca06aed91363c19a7206f3db18599
  custom:audio-encoder-webm-vorbis: bf7c407c2cedff20999df2af8eb42d56 -> 
  custom:scripting/monoscript/fileName/swapEffect.cs: 0cc00060eb9fe855442098e55f47f51b -> 092546921d3567d2283bb63bbd74fda0
  custom:scripting/monoscript/fileName/EnemyManager.cs: b50740975fb3f50950e34a86a690c641 -> a5f2ce24d5a536281782526914f0e68f
  custom:scripting/monoscript/fileName/PlayerInventory.cs: 6a16196cffadf640070b73a126363a7b -> c5c7e2c06a5c2135f68eaadb62be68ca
  custom:scripting/monoscript/fileName/GroundCheck.cs: 104059698e3938b710e73a1ada3cf7f2 -> aada75943ddc5f9ec791997fb4db8e41
  custom:AudioImporter_EditorPlatform: d09bf68614088b80899f8185d706f6e7 -> 
  custom:scripting/monoscript/fileName/cameraFollow.cs: a3fe78019876429fcb14da267bffd902 -> d894ceed6075e22d3236a105a1c23932
  custom:audio-decoder-ogg-vorbis: bf7c407c2cedff20999df2af8eb42d56 -> 
  custom:scripting/monoscript/fileName/explosionEffect.cs: cd6f70cba070dfaf492cd981f8e5106d -> f7a2b1128d205f6881db76924b370bc7
  custom:video-encoder-webm-vp8: eb34c28f22e8b96e1ab97ce403110664 -> 
  custom:container-demuxer-ogg: 62fdf1f143b41e24485cea50d1cbac27 -> 
  custom:framework-win-MediaFoundation: 216162199b28c13a410421893ffa2e32 -> 
  custom:video-decoder-ogg-theora: a1e56fd34408186e4bbccfd4996cb3dc -> 
  custom:scripting/monoscript/fileName/Enemy_Shooting.cs: 481c6b4472e7963c51b9ff2968d9f6ea -> 1a20005d700cc7c18dc46972e59e8a2f
  custom:scripting/monoscript/fileName/PlayerAttackRadius.cs: 3c18793bbc046bb9e08e8760d79e10a8 -> 7d876089e18024672b620eaaf4a80dff
  custom:scripting/monoscript/fileName/enemyAgroZone.cs: 09aba223f5c5bb4d1d0468e9c70a1673 -> 6c97f386582314f236da33516b1efab9
  custom:container-muxer-webm: aa71ff27fc2769a1b78a27578f13a17b -> 
  custom:CustomObjectIndexerAttribute: 756ad292c208cfabdd7b50bc23989ffe -> 
  custom:container-demuxer-webm: 4f35f7cbe854078d1ac9338744f61a02 -> 
  custom:scripting/monoscript/fileName/CloudFollow.cs: 29792e68137c88b435b3365627368bc6 -> 60e200cdf9afe623b4fef037eb963996
  custom:scripting/monoscript/fileName/playerControls.cs: 60a921168e1f017f5a720f9acb18cd12 -> f38d6680a9972768abba5f059d08cf02
========================================================================
Received Prepare
Begin MonoManager ReloadAssembly
C:\build\output\Unity-Technologies\mono\mono\metadata\icall.c:1842:
C:\build\output\Unity-Technologies\mono\mono\metadata\icall.c:1842:
C:\build\output\Unity-Technologies\mono\mono\metadata\icall.c:1842:
C:\build\output\Unity-Technologies\mono\mono\metadata\icall.c:1842:
C:\build\output\Unity-Technologies\mono\mono\metadata\icall.c:1842:
C:\build\output\Unity-Technologies\mono\mono\metadata\icall.c:1842:
C:\build\output\Unity-Technologies\mono\mono\metadata\icall.c:1842:
C:\build\output\Unity-Technologies\mono\mono\metadata\icall.c:1842:
C:\build\output\Unity-Technologies\mono\mono\metadata\icall.c:1842:
C:\build\output\Unity-Technologies\mono\mono\metadata\icall.c:1842:
C:\build\output\Unity-Technologies\mono\mono\metadata\icall.c:1842:
C:\build\output\Unity-Technologies\mono\mono\metadata\icall.c:1842:
Symbol file LoadedFromMemory doesn't match image C:\Users\Luke\OneDrive\Documents\GitHub\Team-11-fixed\Library\PackageCache\com.unity.visualscripting@1.8.0\Editor\VisualScripting.Core\Dependencies\YamlDotNet\Unity.VisualScripting.YamlDotNet.dll
Symbol file LoadedFromMemory doesn't match image C:\Users\Luke\OneDrive\Documents\GitHub\Team-11-fixed\Library\PackageCache\com.unity.visualscripting@1.8.0\Editor\VisualScripting.Core\Dependencies\DotNetZip\Unity.VisualScripting.IonicZip.dll
- Loaded All Assemblies, in  0.872 seconds
Refreshing native plugins compatible for Editor in 4.94 ms, found 4 plugins.
Native extension for WindowsStandalone target not found
Mono: successfully reloaded assembly
- Finished resetting the current domain, in  1.253 seconds
Domain Reload Profiling: 2119ms
	BeginReloadAssembly (192ms)
		ExecutionOrderSort (0ms)
		DisableScriptedObjects (13ms)
		BackupInstance (0ms)
		ReleaseScriptingObjects (0ms)
		CreateAndSetChildDomain (42ms)
	RebuildCommonClasses (35ms)
	RebuildNativeTypeToScriptingClass (15ms)
	initialDomainReloadingComplete (34ms)
	LoadAllAssembliesAndSetupDomain (590ms)
		LoadAssemblies (347ms)
		RebuildTransferFunctionScriptingTraits (0ms)
		AnalyzeDomain (333ms)
			TypeCache.Refresh (326ms)
				TypeCache.ScanAssembly (315ms)
			ScanForSourceGeneratedMonoScriptInfo (0ms)
			ResolveRequiredComponents (6ms)
	FinalizeReload (1253ms)
		ReleaseScriptCaches (0ms)
		RebuildScriptCaches (0ms)
		SetupLoadedEditorAssemblies (568ms)
			LogAssemblyErrors (0ms)
			InitializePlatformSupportModulesInManaged (7ms)
			SetLoadedEditorAssemblies (3ms)
			BeforeProcessingInitializeOnLoad (107ms)
			ProcessInitializeOnLoadAttributes (413ms)
			ProcessInitializeOnLoadMethodAttributes (32ms)
			AfterProcessingInitializeOnLoad (6ms)
			EditorAssembliesLoaded (0ms)
		ExecutionOrderSort2 (0ms)
		AwakeInstancesAfterBackupRestoration (8ms)
Refreshing native plugins compatible for Editor in 5.16 ms, found 4 plugins.
Preloading 0 native plugins for Editor in 0.00 ms.
Unloading 4824 Unused Serialized files (Serialized files now loaded: 0)
Unloading 38 unused Assets / (92.5 KB). Loaded Objects now: 5958.
Memory consumption went from 159.3 MB to 159.2 MB.
Total: 5.246900 ms (FindLiveObjects: 0.450400 ms CreateObjectMapping: 0.565200 ms MarkObjects: 4.153700 ms  DeleteObjects: 0.076800 ms)

Prepare: number of updated asset objects reloaded= 0
AssetImportParameters requested are different than current active one (requested -> active):
  custom:scripting/monoscript/fileName/itemValue.cs: f69a7127b11a9b8b566deb4c834b3490 -> 76b03e834c3cc809239a75160e59ab39
  custom:scripting/monoscript/fileName/playerManager.cs: 84ef0c7614d528361310460d29c55d5d -> fa278fc629bee650391d87d1007e9d4f
  custom:scripting/monoscript/fileName/ItemHealth.cs: f197683c3140ac4987fc76906bf005e2 -> 6e83ce6a523189f6f5fb460bfec9c34c
  custom:video-decoder-webm-vp8: 9c59270c3fd7afecdb556c50c9e8de78 -> 
  custom:SearchIndexIgnoredProperties: e643bd26f0fe6173181afceb89e7c659 -> 
  custom:scripting/monoscript/fileName/EnemyBulletScript.cs: e7d80cb660805e36ee5a5f1e215edd4c -> e71ca06aed91363c19a7206f3db18599
  custom:audio-encoder-webm-vorbis: bf7c407c2cedff20999df2af8eb42d56 -> 
  custom:scripting/monoscript/fileName/swapEffect.cs: 0cc00060eb9fe855442098e55f47f51b -> 092546921d3567d2283bb63bbd74fda0
  custom:scripting/monoscript/fileName/EnemyManager.cs: b50740975fb3f50950e34a86a690c641 -> a5f2ce24d5a536281782526914f0e68f
  custom:scripting/monoscript/fileName/PlayerInventory.cs: 6a16196cffadf640070b73a126363a7b -> c5c7e2c06a5c2135f68eaadb62be68ca
  custom:scripting/monoscript/fileName/GroundCheck.cs: 104059698e3938b710e73a1ada3cf7f2 -> aada75943ddc5f9ec791997fb4db8e41
  custom:AudioImporter_EditorPlatform: d09bf68614088b80899f8185d706f6e7 -> 
  custom:scripting/monoscript/fileName/cameraFollow.cs: a3fe78019876429fcb14da267bffd902 -> d894ceed6075e22d3236a105a1c23932
  custom:audio-decoder-ogg-vorbis: bf7c407c2cedff20999df2af8eb42d56 -> 
  custom:scripting/monoscript/fileName/explosionEffect.cs: cd6f70cba070dfaf492cd981f8e5106d -> f7a2b1128d205f6881db76924b370bc7
  custom:video-encoder-webm-vp8: eb34c28f22e8b96e1ab97ce403110664 -> 
  custom:container-demuxer-ogg: 62fdf1f143b41e24485cea50d1cbac27 -> 
  custom:framework-win-MediaFoundation: 216162199b28c13a410421893ffa2e32 -> 
  custom:video-decoder-ogg-theora: a1e56fd34408186e4bbccfd4996cb3dc -> 
  custom:scripting/monoscript/fileName/Enemy_Shooting.cs: 481c6b4472e7963c51b9ff2968d9f6ea -> 1a20005d700cc7c18dc46972e59e8a2f
  custom:scripting/monoscript/fileName/PlayerAttackRadius.cs: 3c18793bbc046bb9e08e8760d79e10a8 -> 7d876089e18024672b620eaaf4a80dff
  custom:scripting/monoscript/fileName/enemyAgroZone.cs: 09aba223f5c5bb4d1d0468e9c70a1673 -> 6c97f386582314f236da33516b1efab9
  custom:container-muxer-webm: aa71ff27fc2769a1b78a27578f13a17b -> 
  custom:CustomObjectIndexerAttribute: 756ad292c208cfabdd7b50bc23989ffe -> 
  custom:container-demuxer-webm: 4f35f7cbe854078d1ac9338744f61a02 -> 
  custom:scripting/monoscript/fileName/CloudFollow.cs: 29792e68137c88b435b3365627368bc6 -> 60e200cdf9afe623b4fef037eb963996
  custom:scripting/monoscript/fileName/playerControls.cs: 60a921168e1f017f5a720f9acb18cd12 -> f38d6680a9972768abba5f059d08cf02
========================================================================
Received Import Request.
  Time since last request: 20.521537 seconds.
  path: Assets/PlayerBig.prefab
  artifactKey: Guid(a69a0bf72be7f2346970e2fc886d081a) Importer(815301076,1909f56bfc062723c751e8b465ee728b)
Start importing Assets/PlayerBig.prefab using Guid(a69a0bf72be7f2346970e2fc886d081a) Importer(815301076,1909f56bfc062723c751e8b465ee728b)  -> (artifact id: 'd302631c0abc40a83ef0ba74f16d5e9d') in 0.090620 seconds
Internal: There are remaining Allocations on the JobTempAlloc. This is a leak, and will impact performance
To Debug, run app with -diag-job-temp-memory-leak-validation cmd line argument. This will output the callstacks of the leaked allocations.
Number of updated asset objects reloaded before import = 0
Number of asset objects unloaded after import = 65
========================================================================
Received Import Request.
  Time since last request: 174.267415 seconds.
  path: Assets/PlayerNormal.prefab
  artifactKey: Guid(666e7b60bac03524192b22a966d4f183) Importer(815301076,1909f56bfc062723c751e8b465ee728b)
Start importing Assets/PlayerNormal.prefab using Guid(666e7b60bac03524192b22a966d4f183) Importer(815301076,1909f56bfc062723c751e8b465ee728b)  -> (artifact id: '6df2c0d006a5375bf3805aa6ca311ff5') in 0.062817 seconds
Internal: There are remaining Allocations on the JobTempAlloc. This is a leak, and will impact performance
To Debug, run app with -diag-job-temp-memory-leak-validation cmd line argument. This will output the callstacks of the leaked allocations.
Number of updated asset objects reloaded before import = 0
Number of asset objects unloaded after import = 80
========================================================================
Received Import Request.
  Time since last request: 0.000584 seconds.
  path: Assets/PlayerSmall.prefab
  artifactKey: Guid(7cff3a68d8f63ec4ca50314f3a56c762) Importer(815301076,1909f56bfc062723c751e8b465ee728b)
Start importing Assets/PlayerSmall.prefab using Guid(7cff3a68d8f63ec4ca50314f3a56c762) Importer(815301076,1909f56bfc062723c751e8b465ee728b)  -> (artifact id: 'eb8aaddc2e6fed42a4fd4e1d3205d644') in 0.035262 seconds
Internal: There are remaining Allocations on the JobTempAlloc. This is a leak, and will impact performance
To Debug, run app with -diag-job-temp-memory-leak-validation cmd line argument. This will output the callstacks of the leaked allocations.
Number of updated asset objects reloaded before import = 0
Number of asset objects unloaded after import = 44
========================================================================
Received Prepare
Begin MonoManager ReloadAssembly
C:\build\output\Unity-Technologies\mono\mono\metadata\icall.c:1842:
C:\build\output\Unity-Technologies\mono\mono\metadata\icall.c:1842:
C:\build\output\Unity-Technologies\mono\mono\metadata\icall.c:1842:
C:\build\output\Unity-Technologies\mono\mono\metadata\icall.c:1842:
C:\build\output\Unity-Technologies\mono\mono\metadata\icall.c:1842:
C:\build\output\Unity-Technologies\mono\mono\metadata\icall.c:1842:
C:\build\output\Unity-Technologies\mono\mono\metadata\icall.c:1842:
C:\build\output\Unity-Technologies\mono\mono\metadata\icall.c:1842:
C:\build\output\Unity-Technologies\mono\mono\metadata\icall.c:1842:
C:\build\output\Unity-Technologies\mono\mono\metadata\icall.c:1842:
C:\build\output\Unity-Technologies\mono\mono\metadata\icall.c:1842:
C:\build\output\Unity-Technologies\mono\mono\metadata\icall.c:1842:
Symbol file LoadedFromMemory doesn't match image C:\Users\Luke\OneDrive\Documents\GitHub\Team-11-fixed\Library\PackageCache\com.unity.visualscripting@1.8.0\Editor\VisualScripting.Core\Dependencies\YamlDotNet\Unity.VisualScripting.YamlDotNet.dll
Symbol file LoadedFromMemory doesn't match image C:\Users\Luke\OneDrive\Documents\GitHub\Team-11-fixed\Library\PackageCache\com.unity.visualscripting@1.8.0\Editor\VisualScripting.Core\Dependencies\DotNetZip\Unity.VisualScripting.IonicZip.dll
- Loaded All Assemblies, in  0.885 seconds
Refreshing native plugins compatible for Editor in 5.55 ms, found 4 plugins.
Native extension for WindowsStandalone target not found
Mono: successfully reloaded assembly
- Finished resetting the current domain, in  1.445 seconds
Domain Reload Profiling: 2322ms
	BeginReloadAssembly (202ms)
		ExecutionOrderSort (0ms)
		DisableScriptedObjects (15ms)
		BackupInstance (0ms)
		ReleaseScriptingObjects (0ms)
		CreateAndSetChildDomain (46ms)
	RebuildCommonClasses (34ms)
	RebuildNativeTypeToScriptingClass (18ms)
	initialDomainReloadingComplete (31ms)
	LoadAllAssembliesAndSetupDomain (592ms)
		LoadAssemblies (370ms)
		RebuildTransferFunctionScriptingTraits (0ms)
		AnalyzeDomain (316ms)
			TypeCache.Refresh (309ms)
				TypeCache.ScanAssembly (297ms)
			ScanForSourceGeneratedMonoScriptInfo (0ms)
			ResolveRequiredComponents (6ms)
	FinalizeReload (1445ms)
		ReleaseScriptCaches (0ms)
		RebuildScriptCaches (0ms)
		SetupLoadedEditorAssemblies (640ms)
			LogAssemblyErrors (0ms)
			InitializePlatformSupportModulesInManaged (8ms)
			SetLoadedEditorAssemblies (4ms)
			BeforeProcessingInitializeOnLoad (121ms)
			ProcessInitializeOnLoadAttributes (459ms)
			ProcessInitializeOnLoadMethodAttributes (38ms)
			AfterProcessingInitializeOnLoad (9ms)
			EditorAssembliesLoaded (0ms)
		ExecutionOrderSort2 (0ms)
		AwakeInstancesAfterBackupRestoration (9ms)
Refreshing native plugins compatible for Editor in 6.41 ms, found 4 plugins.
Preloading 0 native plugins for Editor in 0.00 ms.
Unloading 4823 Unused Serialized files (Serialized files now loaded: 0)
Unloading 40 unused Assets / (93.5 KB). Loaded Objects now: 5973.
Memory consumption went from 159.2 MB to 159.1 MB.
Total: 6.774400 ms (FindLiveObjects: 0.578400 ms CreateObjectMapping: 0.622500 ms MarkObjects: 5.448800 ms  DeleteObjects: 0.123700 ms)

Prepare: number of updated asset objects reloaded= 0
AssetImportParameters requested are different than current active one (requested -> active):
  custom:scripting/monoscript/fileName/itemValue.cs: f69a7127b11a9b8b566deb4c834b3490 -> 76b03e834c3cc809239a75160e59ab39
  custom:scripting/monoscript/fileName/playerManager.cs: 84ef0c7614d528361310460d29c55d5d -> fa278fc629bee650391d87d1007e9d4f
  custom:scripting/monoscript/fileName/ItemHealth.cs: f197683c3140ac4987fc76906bf005e2 -> 6e83ce6a523189f6f5fb460bfec9c34c
  custom:video-decoder-webm-vp8: 9c59270c3fd7afecdb556c50c9e8de78 -> 
  custom:SearchIndexIgnoredProperties: e643bd26f0fe6173181afceb89e7c659 -> 
  custom:scripting/monoscript/fileName/EnemyBulletScript.cs: e7d80cb660805e36ee5a5f1e215edd4c -> e71ca06aed91363c19a7206f3db18599
  custom:audio-encoder-webm-vorbis: bf7c407c2cedff20999df2af8eb42d56 -> 
  custom:scripting/monoscript/fileName/swapEffect.cs: 0cc00060eb9fe855442098e55f47f51b -> 092546921d3567d2283bb63bbd74fda0
  custom:scripting/monoscript/fileName/EnemyManager.cs: b50740975fb3f50950e34a86a690c641 -> a5f2ce24d5a536281782526914f0e68f
  custom:scripting/monoscript/fileName/PlayerInventory.cs: 6a16196cffadf640070b73a126363a7b -> c5c7e2c06a5c2135f68eaadb62be68ca
  custom:scripting/monoscript/fileName/GroundCheck.cs: 104059698e3938b710e73a1ada3cf7f2 -> aada75943ddc5f9ec791997fb4db8e41
  custom:AudioImporter_EditorPlatform: d09bf68614088b80899f8185d706f6e7 -> 
  custom:scripting/monoscript/fileName/cameraFollow.cs: a3fe78019876429fcb14da267bffd902 -> d894ceed6075e22d3236a105a1c23932
  custom:audio-decoder-ogg-vorbis: bf7c407c2cedff20999df2af8eb42d56 -> 
  custom:scripting/monoscript/fileName/explosionEffect.cs: cd6f70cba070dfaf492cd981f8e5106d -> f7a2b1128d205f6881db76924b370bc7
  custom:video-encoder-webm-vp8: eb34c28f22e8b96e1ab97ce403110664 -> 
  custom:container-demuxer-ogg: 62fdf1f143b41e24485cea50d1cbac27 -> 
  custom:framework-win-MediaFoundation: 216162199b28c13a410421893ffa2e32 -> 
  custom:video-decoder-ogg-theora: a1e56fd34408186e4bbccfd4996cb3dc -> 
  custom:scripting/monoscript/fileName/Enemy_Shooting.cs: 481c6b4472e7963c51b9ff2968d9f6ea -> 1a20005d700cc7c18dc46972e59e8a2f
  custom:scripting/monoscript/fileName/PlayerAttackRadius.cs: 3c18793bbc046bb9e08e8760d79e10a8 -> 7d876089e18024672b620eaaf4a80dff
  custom:scripting/monoscript/fileName/enemyAgroZone.cs: 09aba223f5c5bb4d1d0468e9c70a1673 -> 6c97f386582314f236da33516b1efab9
  custom:container-muxer-webm: aa71ff27fc2769a1b78a27578f13a17b -> 
  custom:CustomObjectIndexerAttribute: 756ad292c208cfabdd7b50bc23989ffe -> 
  custom:container-demuxer-webm: 4f35f7cbe854078d1ac9338744f61a02 -> 
  custom:scripting/monoscript/fileName/CloudFollow.cs: 29792e68137c88b435b3365627368bc6 -> 60e200cdf9afe623b4fef037eb963996
  custom:scripting/monoscript/fileName/playerControls.cs: 60a921168e1f017f5a720f9acb18cd12 -> f38d6680a9972768abba5f059d08cf02
========================================================================
Received Prepare
Begin MonoManager ReloadAssembly
C:\build\output\Unity-Technologies\mono\mono\metadata\icall.c:1842:
C:\build\output\Unity-Technologies\mono\mono\metadata\icall.c:1842:
C:\build\output\Unity-Technologies\mono\mono\metadata\icall.c:1842:
C:\build\output\Unity-Technologies\mono\mono\metadata\icall.c:1842:
C:\build\output\Unity-Technologies\mono\mono\metadata\icall.c:1842:
C:\build\output\Unity-Technologies\mono\mono\metadata\icall.c:1842:
C:\build\output\Unity-Technologies\mono\mono\metadata\icall.c:1842:
C:\build\output\Unity-Technologies\mono\mono\metadata\icall.c:1842:
C:\build\output\Unity-Technologies\mono\mono\metadata\icall.c:1842:
C:\build\output\Unity-Technologies\mono\mono\metadata\icall.c:1842:
C:\build\output\Unity-Technologies\mono\mono\metadata\icall.c:1842:
C:\build\output\Unity-Technologies\mono\mono\metadata\icall.c:1842:
Symbol file LoadedFromMemory doesn't match image C:\Users\Luke\OneDrive\Documents\GitHub\Team-11-fixed\Library\PackageCache\com.unity.visualscripting@1.8.0\Editor\VisualScripting.Core\Dependencies\YamlDotNet\Unity.VisualScripting.YamlDotNet.dll
Symbol file LoadedFromMemory doesn't match image C:\Users\Luke\OneDrive\Documents\GitHub\Team-11-fixed\Library\PackageCache\com.unity.visualscripting@1.8.0\Editor\VisualScripting.Core\Dependencies\DotNetZip\Unity.VisualScripting.IonicZip.dll
- Loaded All Assemblies, in  0.898 seconds
Refreshing native plugins compatible for Editor in 4.99 ms, found 4 plugins.
Native extension for WindowsStandalone target not found
Mono: successfully reloaded assembly
- Finished resetting the current domain, in  1.136 seconds
Domain Reload Profiling: 2027ms
	BeginReloadAssembly (209ms)
		ExecutionOrderSort (0ms)
		DisableScriptedObjects (14ms)
		BackupInstance (0ms)
		ReleaseScriptingObjects (0ms)
		CreateAndSetChildDomain (52ms)
	RebuildCommonClasses (39ms)
	RebuildNativeTypeToScriptingClass (14ms)
	initialDomainReloadingComplete (28ms)
	LoadAllAssembliesAndSetupDomain (601ms)
		LoadAssemblies (373ms)
		RebuildTransferFunctionScriptingTraits (0ms)
		AnalyzeDomain (324ms)
			TypeCache.Refresh (313ms)
				TypeCache.ScanAssembly (301ms)
			ScanForSourceGeneratedMonoScriptInfo (5ms)
			ResolveRequiredComponents (6ms)
	FinalizeReload (1136ms)
		ReleaseScriptCaches (0ms)
		RebuildScriptCaches (0ms)
		SetupLoadedEditorAssemblies (497ms)
			LogAssemblyErrors (0ms)
			InitializePlatformSupportModulesInManaged (6ms)
			SetLoadedEditorAssemblies (3ms)
			BeforeProcessingInitializeOnLoad (99ms)
			ProcessInitializeOnLoadAttributes (353ms)
			ProcessInitializeOnLoadMethodAttributes (29ms)
			AfterProcessingInitializeOnLoad (7ms)
			EditorAssembliesLoaded (0ms)
		ExecutionOrderSort2 (0ms)
		AwakeInstancesAfterBackupRestoration (7ms)
Refreshing native plugins compatible for Editor in 4.91 ms, found 4 plugins.
Preloading 0 native plugins for Editor in 0.00 ms.
Unloading 4824 Unused Serialized files (Serialized files now loaded: 0)
Unloading 38 unused Assets / (92.6 KB). Loaded Objects now: 5988.
Memory consumption went from 159.4 MB to 159.3 MB.
Total: 4.511900 ms (FindLiveObjects: 0.409100 ms CreateObjectMapping: 0.434600 ms MarkObjects: 3.594800 ms  DeleteObjects: 0.072500 ms)

Prepare: number of updated asset objects reloaded= 0
AssetImportParameters requested are different than current active one (requested -> active):
  custom:scripting/monoscript/fileName/itemValue.cs: f69a7127b11a9b8b566deb4c834b3490 -> 76b03e834c3cc809239a75160e59ab39
  custom:scripting/monoscript/fileName/playerManager.cs: 84ef0c7614d528361310460d29c55d5d -> fa278fc629bee650391d87d1007e9d4f
  custom:scripting/monoscript/fileName/ItemHealth.cs: f197683c3140ac4987fc76906bf005e2 -> 6e83ce6a523189f6f5fb460bfec9c34c
  custom:video-decoder-webm-vp8: 9c59270c3fd7afecdb556c50c9e8de78 -> 
  custom:SearchIndexIgnoredProperties: e643bd26f0fe6173181afceb89e7c659 -> 
  custom:scripting/monoscript/fileName/EnemyBulletScript.cs: e7d80cb660805e36ee5a5f1e215edd4c -> e71ca06aed91363c19a7206f3db18599
  custom:audio-encoder-webm-vorbis: bf7c407c2cedff20999df2af8eb42d56 -> 
  custom:scripting/monoscript/fileName/swapEffect.cs: 0cc00060eb9fe855442098e55f47f51b -> 092546921d3567d2283bb63bbd74fda0
  custom:scripting/monoscript/fileName/EnemyManager.cs: b50740975fb3f50950e34a86a690c641 -> a5f2ce24d5a536281782526914f0e68f
  custom:scripting/monoscript/fileName/PlayerInventory.cs: 6a16196cffadf640070b73a126363a7b -> c5c7e2c06a5c2135f68eaadb62be68ca
  custom:scripting/monoscript/fileName/GroundCheck.cs: 104059698e3938b710e73a1ada3cf7f2 -> aada75943ddc5f9ec791997fb4db8e41
  custom:AudioImporter_EditorPlatform: d09bf68614088b80899f8185d706f6e7 -> 
  custom:scripting/monoscript/fileName/cameraFollow.cs: a3fe78019876429fcb14da267bffd902 -> d894ceed6075e22d3236a105a1c23932
  custom:audio-decoder-ogg-vorbis: bf7c407c2cedff20999df2af8eb42d56 -> 
  custom:scripting/monoscript/fileName/explosionEffect.cs: cd6f70cba070dfaf492cd981f8e5106d -> f7a2b1128d205f6881db76924b370bc7
  custom:video-encoder-webm-vp8: eb34c28f22e8b96e1ab97ce403110664 -> 
  custom:container-demuxer-ogg: 62fdf1f143b41e24485cea50d1cbac27 -> 
  custom:framework-win-MediaFoundation: 216162199b28c13a410421893ffa2e32 -> 
  custom:video-decoder-ogg-theora: a1e56fd34408186e4bbccfd4996cb3dc -> 
  custom:scripting/monoscript/fileName/Enemy_Shooting.cs: 481c6b4472e7963c51b9ff2968d9f6ea -> 1a20005d700cc7c18dc46972e59e8a2f
  custom:scripting/monoscript/fileName/PlayerAttackRadius.cs: 3c18793bbc046bb9e08e8760d79e10a8 -> 7d876089e18024672b620eaaf4a80dff
  custom:scripting/monoscript/fileName/enemyAgroZone.cs: 09aba223f5c5bb4d1d0468e9c70a1673 -> 6c97f386582314f236da33516b1efab9
  custom:container-muxer-webm: aa71ff27fc2769a1b78a27578f13a17b -> 
  custom:CustomObjectIndexerAttribute: 756ad292c208cfabdd7b50bc23989ffe -> 
  custom:container-demuxer-webm: 4f35f7cbe854078d1ac9338744f61a02 -> 
  custom:scripting/monoscript/fileName/CloudFollow.cs: 29792e68137c88b435b3365627368bc6 -> 60e200cdf9afe623b4fef037eb963996
  custom:scripting/monoscript/fileName/playerControls.cs: 60a921168e1f017f5a720f9acb18cd12 -> f38d6680a9972768abba5f059d08cf02
========================================================================
Received Import Request.
  Time since last request: 91.586115 seconds.
  path: Assets/PlayerSmall.prefab
  artifactKey: Guid(7cff3a68d8f63ec4ca50314f3a56c762) Importer(815301076,1909f56bfc062723c751e8b465ee728b)
Start importing Assets/PlayerSmall.prefab using Guid(7cff3a68d8f63ec4ca50314f3a56c762) Importer(815301076,1909f56bfc062723c751e8b465ee728b)  -> (artifact id: 'a27e226f91e35e6c8327d5042fc10e0f') in 0.077814 seconds
Internal: There are remaining Allocations on the JobTempAlloc. This is a leak, and will impact performance
To Debug, run app with -diag-job-temp-memory-leak-validation cmd line argument. This will output the callstacks of the leaked allocations.
Number of updated asset objects reloaded before import = 0
Number of asset objects unloaded after import = 44
========================================================================
Received Import Request.
  Time since last request: 0.000021 seconds.
  path: Assets/PlayerNormal.prefab
  artifactKey: Guid(666e7b60bac03524192b22a966d4f183) Importer(815301076,1909f56bfc062723c751e8b465ee728b)
Start importing Assets/PlayerNormal.prefab using Guid(666e7b60bac03524192b22a966d4f183) Importer(815301076,1909f56bfc062723c751e8b465ee728b)  -> (artifact id: 'ee37251fccd393ebadac6f447b26de4f') in 0.019372 seconds
Internal: There are remaining Allocations on the JobTempAlloc. This is a leak, and will impact performance
To Debug, run app with -diag-job-temp-memory-leak-validation cmd line argument. This will output the callstacks of the leaked allocations.
Number of updated asset objects reloaded before import = 0
Number of asset objects unloaded after import = 80
========================================================================
Received Prepare
Begin MonoManager ReloadAssembly
C:\build\output\Unity-Technologies\mono\mono\metadata\icall.c:1842:
C:\build\output\Unity-Technologies\mono\mono\metadata\icall.c:1842:
C:\build\output\Unity-Technologies\mono\mono\metadata\icall.c:1842:
C:\build\output\Unity-Technologies\mono\mono\metadata\icall.c:1842:
C:\build\output\Unity-Technologies\mono\mono\metadata\icall.c:1842:
C:\build\output\Unity-Technologies\mono\mono\metadata\icall.c:1842:
C:\build\output\Unity-Technologies\mono\mono\metadata\icall.c:1842:
C:\build\output\Unity-Technologies\mono\mono\metadata\icall.c:1842:
C:\build\output\Unity-Technologies\mono\mono\metadata\icall.c:1842:
C:\build\output\Unity-Technologies\mono\mono\metadata\icall.c:1842:
C:\build\output\Unity-Technologies\mono\mono\metadata\icall.c:1842:
C:\build\output\Unity-Technologies\mono\mono\metadata\icall.c:1842:
Symbol file LoadedFromMemory doesn't match image C:\Users\Luke\OneDrive\Documents\GitHub\Team-11-fixed\Library\PackageCache\com.unity.visualscripting@1.8.0\Editor\VisualScripting.Core\Dependencies\YamlDotNet\Unity.VisualScripting.YamlDotNet.dll
Symbol file LoadedFromMemory doesn't match image C:\Users\Luke\OneDrive\Documents\GitHub\Team-11-fixed\Library\PackageCache\com.unity.visualscripting@1.8.0\Editor\VisualScripting.Core\Dependencies\DotNetZip\Unity.VisualScripting.IonicZip.dll
- Loaded All Assemblies, in  0.885 seconds
Refreshing native plugins compatible for Editor in 5.22 ms, found 4 plugins.
Native extension for WindowsStandalone target not found
Mono: successfully reloaded assembly
- Finished resetting the current domain, in  1.464 seconds
Domain Reload Profiling: 2344ms
	BeginReloadAssembly (197ms)
		ExecutionOrderSort (0ms)
		DisableScriptedObjects (13ms)
		BackupInstance (0ms)
		ReleaseScriptingObjects (0ms)
		CreateAndSetChildDomain (49ms)
	RebuildCommonClasses (47ms)
	RebuildNativeTypeToScriptingClass (15ms)
	initialDomainReloadingComplete (31ms)
	LoadAllAssembliesAndSetupDomain (589ms)
		LoadAssemblies (333ms)
		RebuildTransferFunctionScriptingTraits (0ms)
		AnalyzeDomain (344ms)
			TypeCache.Refresh (334ms)
				TypeCache.ScanAssembly (320ms)
			ScanForSourceGeneratedMonoScriptInfo (0ms)
			ResolveRequiredComponents (10ms)
	FinalizeReload (1465ms)
		ReleaseScriptCaches (0ms)
		RebuildScriptCaches (0ms)
		SetupLoadedEditorAssemblies (643ms)
			LogAssemblyErrors (0ms)
			InitializePlatformSupportModulesInManaged (8ms)
			SetLoadedEditorAssemblies (4ms)
			BeforeProcessingInitializeOnLoad (118ms)
			ProcessInitializeOnLoadAttributes (465ms)
			ProcessInitializeOnLoadMethodAttributes (37ms)
			AfterProcessingInitializeOnLoad (11ms)
			EditorAssembliesLoaded (0ms)
		ExecutionOrderSort2 (0ms)
		AwakeInstancesAfterBackupRestoration (11ms)
Refreshing native plugins compatible for Editor in 6.41 ms, found 4 plugins.
Preloading 0 native plugins for Editor in 0.00 ms.
Unloading 4823 Unused Serialized files (Serialized files now loaded: 0)
Unloading 40 unused Assets / (93.4 KB). Loaded Objects now: 6003.
Memory consumption went from 159.2 MB to 159.1 MB.
Total: 6.332000 ms (FindLiveObjects: 0.713100 ms CreateObjectMapping: 0.652200 ms MarkObjects: 4.826000 ms  DeleteObjects: 0.139700 ms)

Prepare: number of updated asset objects reloaded= 0
AssetImportParameters requested are different than current active one (requested -> active):
  custom:scripting/monoscript/fileName/itemValue.cs: f69a7127b11a9b8b566deb4c834b3490 -> 76b03e834c3cc809239a75160e59ab39
  custom:scripting/monoscript/fileName/playerManager.cs: 84ef0c7614d528361310460d29c55d5d -> fa278fc629bee650391d87d1007e9d4f
  custom:scripting/monoscript/fileName/ItemHealth.cs: f197683c3140ac4987fc76906bf005e2 -> 6e83ce6a523189f6f5fb460bfec9c34c
  custom:video-decoder-webm-vp8: 9c59270c3fd7afecdb556c50c9e8de78 -> 
  custom:SearchIndexIgnoredProperties: e643bd26f0fe6173181afceb89e7c659 -> 
  custom:scripting/monoscript/fileName/EnemyBulletScript.cs: e7d80cb660805e36ee5a5f1e215edd4c -> e71ca06aed91363c19a7206f3db18599
  custom:audio-encoder-webm-vorbis: bf7c407c2cedff20999df2af8eb42d56 -> 
  custom:scripting/monoscript/fileName/swapEffect.cs: 0cc00060eb9fe855442098e55f47f51b -> 092546921d3567d2283bb63bbd74fda0
  custom:scripting/monoscript/fileName/EnemyManager.cs: b50740975fb3f50950e34a86a690c641 -> a5f2ce24d5a536281782526914f0e68f
  custom:scripting/monoscript/fileName/PlayerInventory.cs: 6a16196cffadf640070b73a126363a7b -> c5c7e2c06a5c2135f68eaadb62be68ca
  custom:scripting/monoscript/fileName/GroundCheck.cs: 104059698e3938b710e73a1ada3cf7f2 -> aada75943ddc5f9ec791997fb4db8e41
  custom:AudioImporter_EditorPlatform: d09bf68614088b80899f8185d706f6e7 -> 
  custom:scripting/monoscript/fileName/cameraFollow.cs: a3fe78019876429fcb14da267bffd902 -> d894ceed6075e22d3236a105a1c23932
  custom:audio-decoder-ogg-vorbis: bf7c407c2cedff20999df2af8eb42d56 -> 
  custom:scripting/monoscript/fileName/explosionEffect.cs: cd6f70cba070dfaf492cd981f8e5106d -> f7a2b1128d205f6881db76924b370bc7
  custom:video-encoder-webm-vp8: eb34c28f22e8b96e1ab97ce403110664 -> 
  custom:container-demuxer-ogg: 62fdf1f143b41e24485cea50d1cbac27 -> 
  custom:framework-win-MediaFoundation: 216162199b28c13a410421893ffa2e32 -> 
  custom:video-decoder-ogg-theora: a1e56fd34408186e4bbccfd4996cb3dc -> 
  custom:scripting/monoscript/fileName/Enemy_Shooting.cs: 481c6b4472e7963c51b9ff2968d9f6ea -> 1a20005d700cc7c18dc46972e59e8a2f
  custom:scripting/monoscript/fileName/PlayerAttackRadius.cs: 3c18793bbc046bb9e08e8760d79e10a8 -> 7d876089e18024672b620eaaf4a80dff
  custom:scripting/monoscript/fileName/enemyAgroZone.cs: 09aba223f5c5bb4d1d0468e9c70a1673 -> 6c97f386582314f236da33516b1efab9
  custom:container-muxer-webm: aa71ff27fc2769a1b78a27578f13a17b -> 
  custom:CustomObjectIndexerAttribute: 756ad292c208cfabdd7b50bc23989ffe -> 
  custom:container-demuxer-webm: 4f35f7cbe854078d1ac9338744f61a02 -> 
  custom:scripting/monoscript/fileName/CloudFollow.cs: 29792e68137c88b435b3365627368bc6 -> 60e200cdf9afe623b4fef037eb963996
  custom:scripting/monoscript/fileName/playerControls.cs: 60a921168e1f017f5a720f9acb18cd12 -> f38d6680a9972768abba5f059d08cf02
========================================================================
Received Prepare
Begin MonoManager ReloadAssembly
C:\build\output\Unity-Technologies\mono\mono\metadata\icall.c:1842:
C:\build\output\Unity-Technologies\mono\mono\metadata\icall.c:1842:
C:\build\output\Unity-Technologies\mono\mono\metadata\icall.c:1842:
C:\build\output\Unity-Technologies\mono\mono\metadata\icall.c:1842:
C:\build\output\Unity-Technologies\mono\mono\metadata\icall.c:1842:
C:\build\output\Unity-Technologies\mono\mono\metadata\icall.c:1842:
C:\build\output\Unity-Technologies\mono\mono\metadata\icall.c:1842:
C:\build\output\Unity-Technologies\mono\mono\metadata\icall.c:1842:
C:\build\output\Unity-Technologies\mono\mono\metadata\icall.c:1842:
C:\build\output\Unity-Technologies\mono\mono\metadata\icall.c:1842:
C:\build\output\Unity-Technologies\mono\mono\metadata\icall.c:1842:
C:\build\output\Unity-Technologies\mono\mono\metadata\icall.c:1842:
Symbol file LoadedFromMemory doesn't match image C:\Users\Luke\OneDrive\Documents\GitHub\Team-11-fixed\Library\PackageCache\com.unity.visualscripting@1.8.0\Editor\VisualScripting.Core\Dependencies\YamlDotNet\Unity.VisualScripting.YamlDotNet.dll
Symbol file LoadedFromMemory doesn't match image C:\Users\Luke\OneDrive\Documents\GitHub\Team-11-fixed\Library\PackageCache\com.unity.visualscripting@1.8.0\Editor\VisualScripting.Core\Dependencies\DotNetZip\Unity.VisualScripting.IonicZip.dll
- Loaded All Assemblies, in  0.872 seconds
Refreshing native plugins compatible for Editor in 4.95 ms, found 4 plugins.
Native extension for WindowsStandalone target not found
Mono: successfully reloaded assembly
- Finished resetting the current domain, in  1.342 seconds
Domain Reload Profiling: 2208ms
	BeginReloadAssembly (203ms)
		ExecutionOrderSort (0ms)
		DisableScriptedObjects (14ms)
		BackupInstance (0ms)
		ReleaseScriptingObjects (0ms)
		CreateAndSetChildDomain (44ms)
	RebuildCommonClasses (43ms)
	RebuildNativeTypeToScriptingClass (19ms)
	initialDomainReloadingComplete (41ms)
	LoadAllAssembliesAndSetupDomain (560ms)
		LoadAssemblies (350ms)
		RebuildTransferFunctionScriptingTraits (0ms)
		AnalyzeDomain (307ms)
			TypeCache.Refresh (298ms)
				TypeCache.ScanAssembly (288ms)
			ScanForSourceGeneratedMonoScriptInfo (0ms)
			ResolveRequiredComponents (8ms)
	FinalizeReload (1343ms)
		ReleaseScriptCaches (0ms)
		RebuildScriptCaches (0ms)
		SetupLoadedEditorAssemblies (647ms)
			LogAssemblyErrors (0ms)
			InitializePlatformSupportModulesInManaged (7ms)
			SetLoadedEditorAssemblies (5ms)
			BeforeProcessingInitializeOnLoad (122ms)
			ProcessInitializeOnLoadAttributes (470ms)
			ProcessInitializeOnLoadMethodAttributes (33ms)
			AfterProcessingInitializeOnLoad (9ms)
			EditorAssembliesLoaded (0ms)
		ExecutionOrderSort2 (0ms)
		AwakeInstancesAfterBackupRestoration (11ms)
Refreshing native plugins compatible for Editor in 6.19 ms, found 4 plugins.
Preloading 0 native plugins for Editor in 0.00 ms.
Unloading 4824 Unused Serialized files (Serialized files now loaded: 0)
Unloading 38 unused Assets / (92.6 KB). Loaded Objects now: 6018.
Memory consumption went from 159.4 MB to 159.3 MB.
Total: 5.837200 ms (FindLiveObjects: 0.508500 ms CreateObjectMapping: 0.630100 ms MarkObjects: 4.604000 ms  DeleteObjects: 0.093500 ms)

Prepare: number of updated asset objects reloaded= 0
AssetImportParameters requested are different than current active one (requested -> active):
  custom:scripting/monoscript/fileName/itemValue.cs: f69a7127b11a9b8b566deb4c834b3490 -> 76b03e834c3cc809239a75160e59ab39
  custom:scripting/monoscript/fileName/playerManager.cs: 84ef0c7614d528361310460d29c55d5d -> fa278fc629bee650391d87d1007e9d4f
  custom:scripting/monoscript/fileName/ItemHealth.cs: f197683c3140ac4987fc76906bf005e2 -> 6e83ce6a523189f6f5fb460bfec9c34c
  custom:video-decoder-webm-vp8: 9c59270c3fd7afecdb556c50c9e8de78 -> 
  custom:SearchIndexIgnoredProperties: e643bd26f0fe6173181afceb89e7c659 -> 
  custom:scripting/monoscript/fileName/EnemyBulletScript.cs: e7d80cb660805e36ee5a5f1e215edd4c -> e71ca06aed91363c19a7206f3db18599
  custom:audio-encoder-webm-vorbis: bf7c407c2cedff20999df2af8eb42d56 -> 
  custom:scripting/monoscript/fileName/swapEffect.cs: 0cc00060eb9fe855442098e55f47f51b -> 092546921d3567d2283bb63bbd74fda0
  custom:scripting/monoscript/fileName/EnemyManager.cs: b50740975fb3f50950e34a86a690c641 -> a5f2ce24d5a536281782526914f0e68f
  custom:scripting/monoscript/fileName/PlayerInventory.cs: 6a16196cffadf640070b73a126363a7b -> c5c7e2c06a5c2135f68eaadb62be68ca
  custom:scripting/monoscript/fileName/GroundCheck.cs: 104059698e3938b710e73a1ada3cf7f2 -> aada75943ddc5f9ec791997fb4db8e41
  custom:AudioImporter_EditorPlatform: d09bf68614088b80899f8185d706f6e7 -> 
  custom:scripting/monoscript/fileName/cameraFollow.cs: a3fe78019876429fcb14da267bffd902 -> d894ceed6075e22d3236a105a1c23932
  custom:audio-decoder-ogg-vorbis: bf7c407c2cedff20999df2af8eb42d56 -> 
  custom:scripting/monoscript/fileName/explosionEffect.cs: cd6f70cba070dfaf492cd981f8e5106d -> f7a2b1128d205f6881db76924b370bc7
  custom:video-encoder-webm-vp8: eb34c28f22e8b96e1ab97ce403110664 -> 
  custom:container-demuxer-ogg: 62fdf1f143b41e24485cea50d1cbac27 -> 
  custom:framework-win-MediaFoundation: 216162199b28c13a410421893ffa2e32 -> 
  custom:video-decoder-ogg-theora: a1e56fd34408186e4bbccfd4996cb3dc -> 
  custom:scripting/monoscript/fileName/Enemy_Shooting.cs: 481c6b4472e7963c51b9ff2968d9f6ea -> 1a20005d700cc7c18dc46972e59e8a2f
  custom:scripting/monoscript/fileName/PlayerAttackRadius.cs: 3c18793bbc046bb9e08e8760d79e10a8 -> 7d876089e18024672b620eaaf4a80dff
  custom:scripting/monoscript/fileName/enemyAgroZone.cs: 09aba223f5c5bb4d1d0468e9c70a1673 -> 6c97f386582314f236da33516b1efab9
  custom:container-muxer-webm: aa71ff27fc2769a1b78a27578f13a17b -> 
  custom:CustomObjectIndexerAttribute: 756ad292c208cfabdd7b50bc23989ffe -> 
  custom:container-demuxer-webm: 4f35f7cbe854078d1ac9338744f61a02 -> 
  custom:scripting/monoscript/fileName/CloudFollow.cs: 29792e68137c88b435b3365627368bc6 -> 60e200cdf9afe623b4fef037eb963996
  custom:scripting/monoscript/fileName/playerControls.cs: 60a921168e1f017f5a720f9acb18cd12 -> f38d6680a9972768abba5f059d08cf02
